id,nombre
1,environment
2,now
3,toward
4,possible
5,enough
6,debate
7,pressure
8,ten
9,career
10,garden
11,read
12,everyone
13,reach
14,night
15,the
16,soldier
17,whom
18,reveal
19,water
20,buy
21,pay
22,north
23,new
24,if
25,attention
26,citizen
27,single
28,partner
29,plan
30,raise
31,wide
32,eat
33,book
34,lay
35,source
36,would
37,record
38,community
39,them
40,already
41,marriage
42,account
43,everyone
44,suffer
45,leave
46,growth
47,operation
48,organization
49,walk
50,role
51,material
52,read
53,finish
54,middle
55,toward
56,land
57,huge
58,energy
59,would
60,edge
61,offer
62,leg
63,public
64,recent
65,entire
66,prepare
67,by
68,agree
69,truth
70,suggest
71,number
72,section
73,medical
74,charge
75,eight
76,major
77,upon
78,window
79,guess
80,suddenly
81,other
82,morning
83,television
84,drive
85,himself
86,get
87,station
88,large
89,across
90,tend
91,arm
92,drive
93,one
94,eat
95,middle
96,institution
97,hospital
98,force
99,thousand
100,sea
101,light
102,economic
103,much
104,else
105,whatever
106,let
107,group
108,right
109,prevent
110,trial
111,itself
112,campaign
113,involve
114,color
115,phone
116,hair
117,here
118,kind
119,amount
120,citizen
121,heart
122,left
123,pull
124,now
125,color
126,tough
127,financial
128,turn
129,also
130,pick
131,already
132,become
133,production
134,almost
135,myself
136,save
137,news
138,rise
139,none
140,evidence
141,television
142,street
143,have
144,perhaps
145,time
146,here
147,member
148,drop
149,area
150,myself
151,become
152,arm
153,training
154,him
155,task
156,benefit
157,edge
158,leave
159,stay
160,every
161,stage
162,range
163,local
164,affect
165,TV
166,understand
167,natural
168,add
169,bill
170,sell
171,lose
172,of
173,easy
174,site
175,former
176,team
177,major
178,official
179,both
180,forward
181,meeting
182,woman
183,follow
184,this
185,his
186,ten
187,raise
188,property
189,will
190,moment
191,those
192,well
193,interesting
194,manager
195,military
196,become
197,specific
198,fact
199,ever
200,catch
201,reach
202,relate
203,effect
204,see
205,city
206,where
207,tonight
208,condition
209,direction
210,purpose
211,partner
212,member
213,wonder
214,evening
215,station
216,western
217,social
218,approach
219,leg
220,particular
221,service
222,individual
223,rule
224,economic
225,simply
226,necessary
227,inside
228,protect
229,war
230,factor
231,former
232,end
233,structure
234,from
235,school
236,kid
237,hand
238,religious
239,example
240,total
241,research
242,population
243,tonight
244,ago
245,simply
246,serve
247,discuss
248,get
249,sing
250,respond
251,voice
252,movement
253,business
254,during
255,to
256,picture
257,television
258,keep
259,if
260,general
261,laugh
262,structure
263,color
264,crime
265,under
266,defense
267,suffer
268,article
269,own
270,serious
271,to
272,pattern
273,community
274,dog
275,miss
276,change
277,hotel
278,research
279,TV
280,picture
281,defense
282,better
283,explain
284,stuff
285,bar
286,but
287,west
288,sing
289,car
290,realize
291,language
292,democratic
293,continue
294,when
295,election
296,happy
297,position
298,yes
299,trade
300,from
301,friend
302,candidate
303,avoid
304,month
305,marriage
306,American
307,money
308,collection
309,up
310,bill
311,ready
312,democratic
313,ball
314,trade
315,happy
316,animal
317,blood
318,this
319,now
320,either
321,mention
322,interesting
323,draw
324,head
325,will
326,he
327,bill
328,early
329,least
330,space
331,least
332,computer
333,cause
334,for
335,future
336,foreign
337,news
338,drop
339,newspaper
340,although
341,begin
342,notice
343,soon
344,find
345,stop
346,surface
347,stop
348,security
349,day
350,lay
351,cell
352,others
353,series
354,hour
355,consider
356,authority
357,material
358,that
359,act
360,ask
361,north
362,event
363,for
364,likely
365,door
366,property
367,best
368,ask
369,professional
370,sure
371,party
372,avoid
373,save
374,country
375,left
376,spend
377,before
378,memory
379,by
380,growth
381,thing
382,scene
383,member
384,answer
385,teach
386,truth
387,allow
388,international
389,ten
390,cost
391,human
392,one
393,much
394,leader
395,purpose
396,store
397,call
398,step
399,final
400,point
401,year
402,Democrat
403,sea
404,themselves
405,job
406,clear
407,remain
408,road
409,same
410,itself
411,million
412,idea
413,live
414,represent
415,space
416,new
417,carry
418,attention
419,anyone
420,three
421,price
422,military
423,night
424,agree
425,degree
426,but
427,chair
428,pick
429,trial
430,threat
431,behind
432,common
433,plan
434,step
435,consider
436,son
437,doctor
438,thus
439,paper
440,animal
441,it
442,well
443,nature
444,strategy
445,organization
446,stock
447,indeed
448,care
449,hair
450,will
451,human
452,language
453,management
454,state
455,red
456,want
457,each
458,include
459,spend
460,wind
461,since
462,certainly
463,option
464,then
465,history
466,I
467,physical
468,film
469,plan
470,raise
471,interesting
472,above
473,least
474,almost
475,stay
476,mind
477,continue
478,line
479,political
480,central
481,end
482,region
483,alone
484,thing
485,remain
486,authority
487,pick
488,green
489,few
490,recognize
491,anyone
492,produce
493,performance
494,partner
495,final
496,kitchen
497,set
498,wrong
499,his
500,gun
501,the
502,enter
503,need
504,put
505,strategy
506,physical
507,sell
508,specific
509,analysis
510,lead
511,weight
512,local
513,she
514,later
515,involve
516,health
517,trial
518,cultural
519,floor
520,every
521,president
522,manage
523,near
524,baby
525,trial
526,conference
527,chance
528,name
529,system
530,simple
531,firm
532,organization
533,election
534,policy
535,and
536,go
537,artist
538,pretty
539,evening
540,program
541,write
542,town
543,manage
544,less
545,support
546,kind
547,trial
548,region
549,give
550,daughter
551,medical
552,yes
553,car
554,mission
555,ask
556,take
557,short
558,manage
559,shoulder
560,Democrat
561,close
562,player
563,although
564,light
565,world
566,strategy
567,every
568,woman
569,but
570,argue
571,cost
572,after
573,building
574,wife
575,board
576,detail
577,natural
578,work
579,hour
580,budget
581,agreement
582,reveal
583,argue
584,really
585,current
586,hot
587,nature
588,investment
589,read
590,military
591,something
592,trade
593,part
594,own
595,box
596,explain
597,interview
598,many
599,or
600,for
601,be
602,I
603,prevent
604,week
605,become
606,person
607,car
608,also
609,opportunity
610,magazine
611,receive
612,she
613,activity
614,positive
615,type
616,feeling
617,arm
618,least
619,situation
620,determine
621,likely
622,without
623,drug
624,song
625,glass
626,assume
627,these
628,three
629,left
630,determine
631,feeling
632,wrong
633,morning
634,chair
635,two
636,suggest
637,machine
638,hospital
639,soon
640,sometimes
641,indeed
642,note
643,drive
644,produce
645,send
646,natural
647,feel
648,table
649,throughout
650,west
651,there
652,water
653,interview
654,something
655,establish
656,specific
657,both
658,hotel
659,wonder
660,throw
661,institution
662,each
663,fire
664,impact
665,explain
666,tree
667,begin
668,but
669,financial
670,set
671,source
672,care
673,building
674,including
675,change
676,begin
677,back
678,argue
679,government
680,and
681,almost
682,hundred
683,respond
684,really
685,strategy
686,recent
687,like
688,seek
689,understand
690,response
691,story
692,appear
693,herself
694,trial
695,since
696,sign
697,shake
698,parent
699,list
700,wonder
701,teacher
702,partner
703,least
704,two
705,against
706,fact
707,no
708,least
709,chance
710,open
711,provide
712,campaign
713,daughter
714,when
715,beyond
716,view
717,fast
718,effort
719,remain
720,red
721,chair
722,say
723,wind
724,bit
725,we
726,hour
727,general
728,report
729,rest
730,light
731,shake
732,attack
733,factor
734,keep
735,message
736,only
737,suddenly
738,support
739,middle
740,feel
741,treatment
742,might
743,authority
744,their
745,garden
746,we
747,only
748,into
749,stand
750,certainly
751,increase
752,responsibility
753,music
754,question
755,state
756,others
757,toward
758,thus
759,physical
760,floor
761,fill
762,administration
763,offer
764,like
765,happy
766,community
767,hand
768,I
769,the
770,behind
771,may
772,rather
773,company
774,include
775,lawyer
776,amount
777,actually
778,identify
779,brother
780,people
781,pass
782,mission
783,yeah
784,information
785,material
786,business
787,author
788,police
789,popular
790,end
791,size
792,brother
793,father
794,fish
795,amount
796,social
797,right
798,his
799,part
800,lot
801,company
802,note
803,do
804,follow
805,degree
806,whole
807,activity
808,green
809,little
810,man
811,sense
812,firm
813,prepare
814,across
815,few
816,best
817,street
818,tree
819,than
820,degree
821,card
822,agency
823,itself
824,line
825,risk
826,sometimes
827,find
828,few
829,thousand
830,federal
831,become
832,raise
833,difficult
834,fine
835,visit
836,kitchen
837,edge
838,only
839,detail
840,life
841,spring
842,unit
843,reflect
844,ten
845,land
846,through
847,cost
848,state
849,region
850,meeting
851,three
852,subject
853,miss
854,leave
855,evening
856,street
857,middle
858,do
859,piece
860,argue
861,mouth
862,lot
863,control
864,moment
865,character
866,series
867,thousand
868,agreement
869,next
870,point
871,decision
872,attention
873,successful
874,life
875,bed
876,population
877,technology
878,to
879,nor
880,evening
881,maybe
882,future
883,far
884,go
885,marriage
886,political
887,item
888,return
889,behind
890,sing
891,health
892,policy
893,what
894,pick
895,manage
896,idea
897,fact
898,already
899,front
900,scene
901,short
902,serve
903,practice
904,establish
905,place
906,light
907,black
908,order
909,low
910,agreement
911,dinner
912,seek
913,night
914,evening
915,hand
916,try
917,hotel
918,red
919,national
920,about
921,yeah
922,others
923,family
924,part
925,majority
926,try
927,final
928,cultural
929,half
930,support
931,well
932,white
933,produce
934,wait
935,watch
936,deal
937,spend
938,but
939,near
940,she
941,president
942,house
943,cold
944,western
945,radio
946,central
947,father
948,white
949,college
950,leg
951,just
952,long
953,you
954,war
955,yes
956,training
957,anything
958,everyone
959,son
960,doctor
961,member
962,mind
963,official
964,some
965,office
966,smile
967,value
968,subject
969,air
970,friend
971,foot
972,parent
973,memory
974,past
975,fact
976,six
977,drop
978,several
979,form
980,floor
981,Congress
982,pull
983,official
984,attention
985,wall
986,start
987,hundred
988,option
989,know
990,similar
991,stop
992,wear
993,hear
994,reach
995,field
996,ready
997,on
998,company
999,left
1000,do
1001,administration
1002,political
1003,involve
1004,home
1005,environment
1006,author
1007,officer
1008,feel
1009,time
1010,building
1011,push
1012,sit
1013,my
1014,example
1015,best
1016,claim
1017,different
1018,level
1019,present
1020,so
1021,official
1022,pretty
1023,well
1024,land
1025,as
1026,political
1027,race
1028,pick
1029,social
1030,society
1031,help
1032,experience
1033,over
1034,two
1035,question
1036,agent
1037,tree
1038,to
1039,discuss
1040,college
1041,short
1042,choose
1043,national
1044,you
1045,oil
1046,young
1047,fear
1048,fast
1049,bad
1050,resource
1051,nature
1052,trial
1053,our
1054,size
1055,site
1056,speak
1057,relationship
1058,still
1059,bit
1060,read
1061,begin
1062,role
1063,shake
1064,artist
1065,morning
1066,require
1067,discussion
1068,writer
1069,community
1070,very
1071,interest
1072,actually
1073,within
1074,play
1075,opportunity
1076,sometimes
1077,be
1078,maintain
1079,family
1080,call
1081,yourself
1082,position
1083,heart
1084,economic
1085,life
1086,stuff
1087,whatever
1088,western
1089,administration
1090,attorney
1091,area
1092,method
1093,morning
1094,law
1095,understand
1096,charge
1097,lead
1098,truth
1099,her
1100,environmental
1101,value
1102,student
1103,say
1104,coach
1105,entire
1106,foot
1107,almost
1108,plant
1109,your
1110,goal
1111,little
1112,enough
1113,so
1114,important
1115,set
1116,crime
1117,tend
1118,personal
1119,thank
1120,baby
1121,all
1122,as
1123,see
1124,listen
1125,travel
1126,process
1127,guy
1128,miss
1129,long
1130,realize
1131,simple
1132,activity
1133,quality
1134,order
1135,chair
1136,church
1137,break
1138,chance
1139,might
1140,collection
1141,two
1142,animal
1143,war
1144,crime
1145,husband
1146,language
1147,under
1148,crime
1149,safe
1150,sense
1151,water
1152,during
1153,production
1154,much
1155,per
1156,should
1157,simple
1158,home
1159,affect
1160,but
1161,year
1162,seem
1163,including
1164,mother
1165,model
1166,create
1167,over
1168,middle
1169,change
1170,building
1171,democratic
1172,population
1173,seek
1174,need
1175,culture
1176,force
1177,color
1178,form
1179,coach
1180,large
1181,along
1182,effort
1183,form
1184,ahead
1185,time
1186,dark
1187,reveal
1188,improve
1189,maintain
1190,million
1191,by
1192,road
1193,entire
1194,edge
1195,attack
1196,similar
1197,even
1198,stock
1199,property
1200,gun
1201,resource
1202,number
1203,class
1204,among
1205,price
1206,necessary
1207,side
1208,learn
1209,improve
1210,ability
1211,million
1212,simple
1213,space
1214,decade
1215,avoid
1216,have
1217,seven
1218,theory
1219,make
1220,yeah
1221,stuff
1222,increase
1223,use
1224,most
1225,talk
1226,quality
1227,space
1228,produce
1229,often
1230,American
1231,job
1232,music
1233,serious
1234,trip
1235,enjoy
1236,operation
1237,arrive
1238,relate
1239,challenge
1240,player
1241,father
1242,evening
1243,understand
1244,relate
1245,turn
1246,morning
1247,chair
1248,standard
1249,certainly
1250,arrive
1251,also
1252,happy
1253,consumer
1254,seat
1255,little
1256,investment
1257,answer
1258,hit
1259,world
1260,and
1261,start
1262,song
1263,our
1264,ahead
1265,green
1266,for
1267,voice
1268,now
1269,there
1270,share
1271,listen
1272,pretty
1273,there
1274,we
1275,system
1276,time
1277,parent
1278,big
1279,sure
1280,people
1281,note
1282,window
1283,realize
1284,perhaps
1285,tonight
1286,involve
1287,protect
1288,mention
1289,many
1290,number
1291,little
1292,scientist
1293,road
1294,know
1295,year
1296,all
1297,war
1298,meeting
1299,whole
1300,involve
1301,blue
1302,offer
1303,method
1304,act
1305,item
1306,door
1307,smile
1308,reflect
1309,look
1310,go
1311,hot
1312,view
1313,upon
1314,decide
1315,cultural
1316,fill
1317,think
1318,from
1319,writer
1320,article
1321,she
1322,community
1323,there
1324,again
1325,keep
1326,true
1327,support
1328,name
1329,network
1330,measure
1331,fly
1332,both
1333,relationship
1334,drug
1335,number
1336,front
1337,even
1338,every
1339,pretty
1340,else
1341,nor
1342,upon
1343,seem
1344,cause
1345,peace
1346,plant
1347,speak
1348,new
1349,compare
1350,agency
1351,away
1352,bad
1353,talk
1354,make
1355,act
1356,daughter
1357,author
1358,writer
1359,reason
1360,politics
1361,candidate
1362,interesting
1363,which
1364,also
1365,civil
1366,yourself
1367,me
1368,something
1369,development
1370,attack
1371,risk
1372,responsibility
1373,cut
1374,line
1375,detail
1376,put
1377,bill
1378,person
1379,new
1380,picture
1381,increase
1382,executive
1383,firm
1384,she
1385,reality
1386,its
1387,issue
1388,cold
1389,bar
1390,ok
1391,employee
1392,create
1393,call
1394,agency
1395,fish
1396,rather
1397,campaign
1398,respond
1399,it
1400,the
1401,sit
1402,simple
1403,more
1404,cause
1405,quickly
1406,eat
1407,deal
1408,executive
1409,foot
1410,cultural
1411,eat
1412,professor
1413,course
1414,protect
1415,home
1416,leg
1417,line
1418,business
1419,rule
1420,Congress
1421,bag
1422,little
1423,term
1424,article
1425,list
1426,recognize
1427,summer
1428,government
1429,class
1430,theory
1431,score
1432,write
1433,they
1434,policy
1435,same
1436,watch
1437,base
1438,fear
1439,thousand
1440,born
1441,reason
1442,ago
1443,surface
1444,first
1445,various
1446,development
1447,country
1448,report
1449,mouth
1450,figure
1451,culture
1452,western
1453,minute
1454,pressure
1455,country
1456,all
1457,ago
1458,federal
1459,small
1460,more
1461,exist
1462,today
1463,personal
1464,suggest
1465,raise
1466,they
1467,so
1468,always
1469,sport
1470,whole
1471,success
1472,down
1473,traditional
1474,way
1475,next
1476,every
1477,growth
1478,simple
1479,despite
1480,on
1481,establish
1482,show
1483,instead
1484,determine
1485,together
1486,level
1487,apply
1488,society
1489,another
1490,other
1491,learn
1492,inside
1493,change
1494,couple
1495,benefit
1496,inside
1497,have
1498,big
1499,along
1500,industry
1501,bank
1502,allow
1503,character
1504,raise
1505,meet
1506,line
1507,front
1508,director
1509,piece
1510,follow
1511,security
1512,evening
1513,remain
1514,experience
1515,understand
1516,behind
1517,black
1518,teach
1519,both
1520,film
1521,small
1522,finish
1523,drive
1524,generation
1525,factor
1526,wish
1527,environment
1528,customer
1529,beat
1530,buy
1531,north
1532,anything
1533,other
1534,money
1535,know
1536,ok
1537,become
1538,rich
1539,treat
1540,beautiful
1541,across
1542,society
1543,never
1544,bit
1545,amount
1546,activity
1547,book
1548,situation
1549,carry
1550,or
1551,game
1552,east
1553,language
1554,discussion
1555,support
1556,financial
1557,instead
1558,government
1559,lead
1560,relate
1561,real
1562,talk
1563,including
1564,well
1565,or
1566,ability
1567,section
1568,soldier
1569,compare
1570,outside
1571,word
1572,along
1573,story
1574,sell
1575,not
1576,play
1577,east
1578,firm
1579,partner
1580,lay
1581,interesting
1582,create
1583,yard
1584,more
1585,agency
1586,table
1587,treat
1588,another
1589,account
1590,who
1591,child
1592,drive
1593,stock
1594,fire
1595,their
1596,chair
1597,involve
1598,grow
1599,him
1600,Republican
1601,place
1602,attack
1603,although
1604,provide
1605,his
1606,real
1607,smile
1608,wind
1609,eye
1610,top
1611,group
1612,push
1613,quite
1614,answer
1615,present
1616,beat
1617,prove
1618,share
1619,reveal
1620,over
1621,industry
1622,today
1623,fight
1624,general
1625,surface
1626,mind
1627,never
1628,low
1629,between
1630,out
1631,measure
1632,nor
1633,board
1634,base
1635,adult
1636,election
1637,let
1638,any
1639,rule
1640,under
1641,natural
1642,allow
1643,society
1644,American
1645,part
1646,smile
1647,most
1648,through
1649,figure
1650,during
1651,risk
1652,those
1653,level
1654,than
1655,positive
1656,receive
1657,defense
1658,who
1659,relationship
1660,again
1661,risk
1662,local
1663,radio
1664,tax
1665,least
1666,no
1667,collection
1668,color
1669,once
1670,fly
1671,go
1672,for
1673,surface
1674,charge
1675,former
1676,staff
1677,thing
1678,raise
1679,blood
1680,safe
1681,still
1682,chair
1683,wide
1684,believe
1685,commercial
1686,send
1687,home
1688,learn
1689,lose
1690,all
1691,agreement
1692,or
1693,treatment
1694,land
1695,responsibility
1696,money
1697,let
1698,project
1699,teach
1700,so
1701,break
1702,cold
1703,run
1704,chair
1705,scientist
1706,develop
1707,box
1708,central
1709,cause
1710,current
1711,special
1712,past
1713,candidate
1714,I
1715,within
1716,smile
1717,firm
1718,it
1719,run
1720,deep
1721,science
1722,personal
1723,public
1724,prevent
1725,ball
1726,leave
1727,ability
1728,figure
1729,answer
1730,fund
1731,structure
1732,training
1733,day
1734,dinner
1735,term
1736,suggest
1737,card
1738,bring
1739,defense
1740,serve
1741,attorney
1742,their
1743,newspaper
1744,report
1745,also
1746,reach
1747,break
1748,forward
1749,remain
1750,mention
1751,serious
1752,staff
1753,eye
1754,describe
1755,politics
1756,wide
1757,entire
1758,good
1759,wonder
1760,it
1761,free
1762,give
1763,with
1764,wish
1765,spring
1766,indeed
1767,pressure
1768,cost
1769,store
1770,college
1771,system
1772,now
1773,analysis
1774,federal
1775,ask
1776,second
1777,lot
1778,high
1779,local
1780,final
1781,a
1782,defense
1783,season
1784,million
1785,girl
1786,million
1787,pretty
1788,that
1789,camera
1790,trouble
1791,story
1792,finally
1793,else
1794,son
1795,main
1796,hope
1797,born
1798,special
1799,end
1800,college
1801,until
1802,country
1803,experience
1804,listen
1805,eye
1806,realize
1807,relationship
1808,hit
1809,use
1810,anyone
1811,ability
1812,couple
1813,son
1814,leader
1815,management
1816,get
1817,health
1818,article
1819,room
1820,service
1821,box
1822,onto
1823,card
1824,federal
1825,individual
1826,ask
1827,reveal
1828,hour
1829,nature
1830,cultural
1831,Mrs
1832,second
1833,thing
1834,use
1835,success
1836,heart
1837,amount
1838,protect
1839,area
1840,something
1841,professional
1842,interesting
1843,husband
1844,find
1845,society
1846,full
1847,later
1848,name
1849,political
1850,hard
1851,girl
1852,share
1853,resource
1854,including
1855,state
1856,the
1857,debate
1858,over
1859,agent
1860,ask
1861,six
1862,so
1863,dinner
1864,hand
1865,car
1866,whether
1867,choose
1868,conference
1869,tree
1870,heavy
1871,during
1872,arrive
1873,usually
1874,account
1875,weight
1876,shoulder
1877,since
1878,institution
1879,identify
1880,likely
1881,they
1882,whole
1883,machine
1884,direction
1885,read
1886,they
1887,PM
1888,different
1889,generation
1890,technology
1891,if
1892,kid
1893,think
1894,nature
1895,former
1896,compare
1897,American
1898,could
1899,professional
1900,situation
1901,almost
1902,around
1903,star
1904,least
1905,produce
1906,field
1907,mind
1908,development
1909,pay
1910,two
1911,kid
1912,arm
1913,report
1914,change
1915,say
1916,deep
1917,activity
1918,worker
1919,today
1920,run
1921,best
1922,drug
1923,source
1924,later
1925,something
1926,any
1927,should
1928,water
1929,newspaper
1930,point
1931,different
1932,buy
1933,owner
1934,lose
1935,state
1936,ready
1937,beat
1938,too
1939,success
1940,stage
1941,several
1942,partner
1943,school
1944,camera
1945,or
1946,seek
1947,direction
1948,school
1949,four
1950,treat
1951,image
1952,customer
1953,those
1954,both
1955,not
1956,particularly
1957,mother
1958,activity
1959,win
1960,majority
1961,cultural
1962,final
1963,project
1964,stay
1965,more
1966,expect
1967,tough
1968,anything
1969,benefit
1970,property
1971,cut
1972,ten
1973,challenge
1974,parent
1975,section
1976,right
1977,reason
1978,including
1979,work
1980,voice
1981,others
1982,feel
1983,vote
1984,actually
1985,believe
1986,late
1987,item
1988,animal
1989,western
1990,cut
1991,history
1992,for
1993,down
1994,stand
1995,the
1996,consumer
1997,grow
1998,campaign
1999,show
2000,economic
2001,investment
2002,evening
2003,before
2004,dark
2005,follow
2006,career
2007,protect
2008,school
2009,lead
2010,he
2011,consider
2012,number
2013,cup
2014,beautiful
2015,fill
2016,thing
2017,travel
2018,work
2019,collection
2020,real
2021,international
2022,significant
2023,man
2024,new
2025,base
2026,room
2027,theory
2028,herself
2029,stuff
2030,similar
2031,reveal
2032,common
2033,drive
2034,paper
2035,road
2036,office
2037,win
2038,line
2039,finally
2040,idea
2041,soldier
2042,study
2043,rather
2044,yeah
2045,able
2046,great
2047,major
2048,lot
2049,court
2050,accept
2051,leader
2052,too
2053,career
2054,figure
2055,cut
2056,guy
2057,present
2058,cost
2059,car
2060,top
2061,see
2062,continue
2063,read
2064,stand
2065,book
2066,turn
2067,wear
2068,green
2069,determine
2070,guess
2071,son
2072,bill
2073,stop
2074,ability
2075,offer
2076,prove
2077,figure
2078,join
2079,us
2080,economic
2081,certainly
2082,front
2083,old
2084,north
2085,consumer
2086,others
2087,positive
2088,result
2089,subject
2090,realize
2091,raise
2092,animal
2093,suggest
2094,cell
2095,threat
2096,impact
2097,world
2098,leader
2099,heart
2100,successful
2101,issue
2102,edge
2103,provide
2104,talk
2105,standard
2106,wear
2107,type
2108,bill
2109,level
2110,far
2111,billion
2112,cultural
2113,organization
2114,miss
2115,style
2116,account
2117,that
2118,baby
2119,actually
2120,teacher
2121,gas
2122,use
2123,job
2124,article
2125,seven
2126,practice
2127,kind
2128,discuss
2129,artist
2130,recent
2131,feel
2132,speech
2133,movie
2134,treatment
2135,relationship
2136,structure
2137,tend
2138,anything
2139,next
2140,physical
2141,bag
2142,safe
2143,third
2144,simply
2145,usually
2146,approach
2147,six
2148,subject
2149,daughter
2150,billion
2151,increase
2152,agreement
2153,night
2154,help
2155,if
2156,middle
2157,official
2158,no
2159,mouth
2160,her
2161,think
2162,wind
2163,sense
2164,themselves
2165,force
2166,others
2167,away
2168,class
2169,glass
2170,compare
2171,at
2172,city
2173,gun
2174,create
2175,score
2176,artist
2177,when
2178,challenge
2179,information
2180,eat
2181,history
2182,think
2183,law
2184,church
2185,industry
2186,perform
2187,site
2188,option
2189,never
2190,develop
2191,few
2192,former
2193,assume
2194,choose
2195,campaign
2196,hospital
2197,animal
2198,skill
2199,lay
2200,force
2201,wear
2202,add
2203,magazine
2204,foreign
2205,less
2206,from
2207,professional
2208,base
2209,son
2210,play
2211,since
2212,suggest
2213,glass
2214,particular
2215,still
2216,save
2217,your
2218,week
2219,nearly
2220,right
2221,wide
2222,fish
2223,eat
2224,worry
2225,range
2226,partner
2227,professor
2228,quickly
2229,we
2230,many
2231,red
2232,spring
2233,certainly
2234,now
2235,piece
2236,why
2237,thousand
2238,city
2239,box
2240,east
2241,turn
2242,show
2243,chance
2244,public
2245,treatment
2246,study
2247,receive
2248,spring
2249,everything
2250,instead
2251,while
2252,result
2253,stand
2254,could
2255,live
2256,since
2257,manager
2258,employee
2259,recently
2260,way
2261,age
2262,around
2263,nothing
2264,pretty
2265,accept
2266,figure
2267,white
2268,year
2269,minute
2270,important
2271,early
2272,health
2273,room
2274,whatever
2275,fund
2276,up
2277,add
2278,reach
2279,big
2280,relate
2281,others
2282,manage
2283,hold
2284,particularly
2285,rate
2286,another
2287,wear
2288,field
2289,cut
2290,example
2291,action
2292,share
2293,red
2294,always
2295,part
2296,piece
2297,mind
2298,training
2299,professional
2300,course
2301,real
2302,discuss
2303,environment
2304,personal
2305,owner
2306,child
2307,spring
2308,politics
2309,glass
2310,town
2311,art
2312,its
2313,son
2314,discover
2315,now
2316,possible
2317,yeah
2318,company
2319,business
2320,laugh
2321,law
2322,work
2323,own
2324,federal
2325,miss
2326,history
2327,someone
2328,production
2329,expect
2330,allow
2331,ready
2332,only
2333,rate
2334,hundred
2335,building
2336,car
2337,evening
2338,full
2339,lay
2340,fund
2341,happen
2342,certainly
2343,know
2344,our
2345,approach
2346,woman
2347,fear
2348,production
2349,get
2350,pressure
2351,drug
2352,course
2353,stand
2354,occur
2355,his
2356,mouth
2357,purpose
2358,guy
2359,program
2360,choose
2361,far
2362,add
2363,for
2364,set
2365,foreign
2366,environmental
2367,different
2368,nation
2369,model
2370,much
2371,side
2372,system
2373,although
2374,there
2375,this
2376,relationship
2377,tonight
2378,class
2379,ever
2380,contain
2381,much
2382,shoulder
2383,relate
2384,full
2385,they
2386,easy
2387,federal
2388,front
2389,number
2390,drug
2391,window
2392,firm
2393,wear
2394,method
2395,parent
2396,staff
2397,manager
2398,provide
2399,mouth
2400,far
2401,relationship
2402,again
2403,plant
2404,in
2405,once
2406,assume
2407,myself
2408,nation
2409,majority
2410,say
2411,close
2412,white
2413,factor
2414,force
2415,may
2416,risk
2417,group
2418,prevent
2419,begin
2420,simple
2421,low
2422,nearly
2423,early
2424,government
2425,control
2426,might
2427,class
2428,choose
2429,their
2430,day
2431,officer
2432,outside
2433,join
2434,sing
2435,seat
2436,American
2437,nature
2438,than
2439,begin
2440,join
2441,very
2442,list
2443,whole
2444,team
2445,too
2446,marriage
2447,affect
2448,man
2449,party
2450,ability
2451,program
2452,school
2453,couple
2454,certainly
2455,half
2456,less
2457,tough
2458,bar
2459,quality
2460,and
2461,fund
2462,open
2463,agreement
2464,level
2465,court
2466,event
2467,without
2468,whether
2469,board
2470,western
2471,suggest
2472,leave
2473,yard
2474,start
2475,happen
2476,blood
2477,team
2478,city
2479,simply
2480,per
2481,between
2482,hand
2483,base
2484,agreement
2485,throw
2486,each
2487,month
2488,quality
2489,build
2490,since
2491,again
2492,impact
2493,network
2494,mention
2495,federal
2496,appear
2497,economy
2498,or
2499,training
2500,world
2501,exactly
2502,company
2503,painting
2504,civil
2505,light
2506,yourself
2507,couple
2508,move
2509,worker
2510,risk
2511,real
2512,kid
2513,former
2514,play
2515,cold
2516,past
2517,theory
2518,election
2519,above
2520,kid
2521,even
2522,Congress
2523,rate
2524,respond
2525,recently
2526,conference
2527,black
2528,game
2529,group
2530,doctor
2531,particularly
2532,property
2533,write
2534,huge
2535,common
2536,four
2537,significant
2538,letter
2539,meet
2540,democratic
2541,south
2542,good
2543,much
2544,world
2545,next
2546,receive
2547,price
2548,buy
2549,identify
2550,now
2551,describe
2552,leave
2553,whose
2554,really
2555,seem
2556,necessary
2557,word
2558,world
2559,word
2560,part
2561,window
2562,do
2563,make
2564,party
2565,then
2566,sister
2567,through
2568,attack
2569,nothing
2570,maybe
2571,matter
2572,state
2573,central
2574,throw
2575,minute
2576,look
2577,game
2578,remain
2579,scientist
2580,Republican
2581,cultural
2582,TV
2583,during
2584,material
2585,brother
2586,instead
2587,that
2588,international
2589,whether
2590,maintain
2591,this
2592,everything
2593,culture
2594,send
2595,while
2596,build
2597,grow
2598,win
2599,structure
2600,them
2601,ground
2602,drug
2603,task
2604,never
2605,here
2606,its
2607,consider
2608,financial
2609,only
2610,foreign
2611,bag
2612,cover
2613,development
2614,capital
2615,response
2616,interview
2617,kid
2618,great
2619,large
2620,everybody
2621,new
2622,act
2623,certainly
2624,base
2625,we
2626,security
2627,themselves
2628,key
2629,recognize
2630,level
2631,crime
2632,class
2633,once
2634,last
2635,fund
2636,test
2637,page
2638,nothing
2639,laugh
2640,everyone
2641,do
2642,school
2643,much
2644,suffer
2645,health
2646,or
2647,city
2648,ask
2649,face
2650,management
2651,where
2652,similar
2653,throw
2654,someone
2655,appear
2656,move
2657,us
2658,candidate
2659,take
2660,unit
2661,list
2662,where
2663,face
2664,positive
2665,result
2666,election
2667,officer
2668,than
2669,garden
2670,development
2671,she
2672,hot
2673,evening
2674,mean
2675,professional
2676,return
2677,entire
2678,deep
2679,truth
2680,check
2681,hit
2682,practice
2683,tell
2684,surface
2685,loss
2686,new
2687,play
2688,heavy
2689,own
2690,member
2691,matter
2692,entire
2693,capital
2694,loss
2695,field
2696,yard
2697,friend
2698,power
2699,region
2700,space
2701,well
2702,give
2703,lose
2704,network
2705,performance
2706,individual
2707,would
2708,expect
2709,thus
2710,national
2711,structure
2712,here
2713,watch
2714,write
2715,door
2716,low
2717,protect
2718,do
2719,evening
2720,ever
2721,each
2722,the
2723,catch
2724,every
2725,consumer
2726,save
2727,improve
2728,view
2729,professor
2730,owner
2731,increase
2732,identify
2733,sound
2734,step
2735,remember
2736,turn
2737,little
2738,officer
2739,mean
2740,something
2741,business
2742,protect
2743,him
2744,nation
2745,take
2746,institution
2747,able
2748,national
2749,factor
2750,question
2751,toward
2752,black
2753,whole
2754,experience
2755,nice
2756,others
2757,increase
2758,movement
2759,whole
2760,ok
2761,candidate
2762,once
2763,eight
2764,our
2765,exactly
2766,window
2767,purpose
2768,every
2769,process
2770,that
2771,cut
2772,make
2773,their
2774,discussion
2775,set
2776,onto
2777,add
2778,century
2779,certain
2780,raise
2781,affect
2782,actually
2783,bill
2784,very
2785,include
2786,water
2787,my
2788,capital
2789,property
2790,conference
2791,air
2792,step
2793,certainly
2794,produce
2795,threat
2796,middle
2797,play
2798,usually
2799,spend
2800,garden
2801,entire
2802,cost
2803,analysis
2804,large
2805,call
2806,network
2807,money
2808,between
2809,out
2810,themselves
2811,prevent
2812,sister
2813,grow
2814,finish
2815,road
2816,stuff
2817,career
2818,point
2819,top
2820,woman
2821,long
2822,threat
2823,design
2824,hair
2825,force
2826,record
2827,ready
2828,especially
2829,coach
2830,recognize
2831,professor
2832,opportunity
2833,suffer
2834,somebody
2835,contain
2836,American
2837,call
2838,again
2839,cause
2840,finally
2841,fund
2842,design
2843,finish
2844,worry
2845,medical
2846,threat
2847,act
2848,itself
2849,water
2850,offer
2851,fear
2852,production
2853,bill
2854,debate
2855,same
2856,over
2857,enough
2858,everybody
2859,ability
2860,Mrs
2861,long
2862,consider
2863,fine
2864,mouth
2865,college
2866,material
2867,for
2868,start
2869,discuss
2870,full
2871,each
2872,drug
2873,mind
2874,manager
2875,difference
2876,sign
2877,reveal
2878,media
2879,beat
2880,call
2881,though
2882,sit
2883,contain
2884,easy
2885,campaign
2886,girl
2887,table
2888,trip
2889,important
2890,note
2891,develop
2892,early
2893,wind
2894,church
2895,information
2896,number
2897,test
2898,respond
2899,likely
2900,sit
2901,old
2902,condition
2903,hold
2904,central
2905,modern
2906,across
2907,feeling
2908,own
2909,stage
2910,receive
2911,whether
2912,current
2913,better
2914,I
2915,score
2916,personal
2917,natural
2918,morning
2919,popular
2920,feeling
2921,outside
2922,deep
2923,focus
2924,respond
2925,at
2926,often
2927,cell
2928,section
2929,office
2930,since
2931,religious
2932,drug
2933,certain
2934,never
2935,movement
2936,arrive
2937,measure
2938,world
2939,majority
2940,or
2941,mouth
2942,personal
2943,interview
2944,just
2945,him
2946,student
2947,represent
2948,direction
2949,music
2950,continue
2951,ten
2952,sell
2953,trip
2954,image
2955,the
2956,dinner
2957,show
2958,performance
2959,form
2960,southern
2961,artist
2962,decision
2963,even
2964,edge
2965,campaign
2966,street
2967,man
2968,rest
2969,fly
2970,article
2971,top
2972,true
2973,focus
2974,bag
2975,fall
2976,adult
2977,field
2978,energy
2979,other
2980,paper
2981,training
2982,around
2983,laugh
2984,region
2985,product
2986,accept
2987,whom
2988,maintain
2989,public
2990,sing
2991,not
2992,member
2993,statement
2994,item
2995,state
2996,describe
2997,produce
2998,someone
2999,sell
3000,activity
3001,again
3002,discover
3003,suggest
3004,begin
3005,program
3006,though
3007,space
3008,hope
3009,after
3010,dark
3011,data
3012,improve
3013,less
3014,top
3015,special
3016,know
3017,environmental
3018,or
3019,moment
3020,herself
3021,long
3022,law
3023,address
3024,daughter
3025,center
3026,nor
3027,process
3028,Democrat
3029,history
3030,role
3031,side
3032,wait
3033,matter
3034,still
3035,present
3036,describe
3037,year
3038,movie
3039,fish
3040,situation
3041,medical
3042,various
3043,nice
3044,involve
3045,change
3046,produce
3047,as
3048,act
3049,quality
3050,picture
3051,book
3052,partner
3053,above
3054,worry
3055,certain
3056,green
3057,your
3058,quickly
3059,hope
3060,ball
3061,buy
3062,factor
3063,thing
3064,recognize
3065,relate
3066,if
3067,keep
3068,career
3069,approach
3070,thus
3071,present
3072,camera
3073,book
3074,artist
3075,scientist
3076,final
3077,tax
3078,political
3079,rock
3080,paper
3081,start
3082,model
3083,these
3084,team
3085,let
3086,social
3087,teacher
3088,past
3089,suddenly
3090,involve
3091,voice
3092,charge
3093,amount
3094,stage
3095,tough
3096,quickly
3097,give
3098,reach
3099,record
3100,fact
3101,office
3102,teach
3103,budget
3104,toward
3105,area
3106,fire
3107,through
3108,worry
3109,day
3110,eye
3111,enough
3112,population
3113,receive
3114,degree
3115,success
3116,nearly
3117,majority
3118,claim
3119,thank
3120,hot
3121,rock
3122,sister
3123,here
3124,miss
3125,fear
3126,politics
3127,most
3128,two
3129,actually
3130,arrive
3131,real
3132,again
3133,spend
3134,goal
3135,road
3136,would
3137,up
3138,kitchen
3139,impact
3140,but
3141,budget
3142,quality
3143,reality
3144,pay
3145,after
3146,station
3147,magazine
3148,office
3149,hospital
3150,world
3151,cultural
3152,light
3153,similar
3154,collection
3155,on
3156,lot
3157,door
3158,happy
3159,clearly
3160,memory
3161,whatever
3162,suggest
3163,clear
3164,easy
3165,early
3166,artist
3167,win
3168,specific
3169,current
3170,close
3171,she
3172,top
3173,live
3174,dog
3175,four
3176,including
3177,year
3178,station
3179,business
3180,girl
3181,often
3182,us
3183,without
3184,everything
3185,news
3186,hundred
3187,direction
3188,time
3189,small
3190,ahead
3191,second
3192,all
3193,pick
3194,brother
3195,think
3196,hard
3197,again
3198,go
3199,response
3200,season
3201,authority
3202,thought
3203,game
3204,over
3205,majority
3206,brother
3207,effect
3208,great
3209,soldier
3210,from
3211,guy
3212,series
3213,behavior
3214,buy
3215,rise
3216,another
3217,president
3218,little
3219,must
3220,since
3221,number
3222,do
3223,should
3224,specific
3225,maybe
3226,finish
3227,somebody
3228,into
3229,financial
3230,world
3231,director
3232,land
3233,value
3234,machine
3235,without
3236,opportunity
3237,meet
3238,physical
3239,hospital
3240,scene
3241,certainly
3242,water
3243,probably
3244,city
3245,bad
3246,up
3247,treat
3248,member
3249,take
3250,whole
3251,color
3252,suggest
3253,out
3254,hold
3255,travel
3256,really
3257,student
3258,with
3259,station
3260,live
3261,operation
3262,some
3263,eye
3264,democratic
3265,perhaps
3266,say
3267,side
3268,Mrs
3269,business
3270,very
3271,day
3272,even
3273,bar
3274,such
3275,important
3276,I
3277,tonight
3278,describe
3279,in
3280,year
3281,white
3282,business
3283,activity
3284,left
3285,discussion
3286,opportunity
3287,also
3288,stand
3289,piece
3290,lawyer
3291,newspaper
3292,career
3293,play
3294,wide
3295,its
3296,east
3297,economic
3298,capital
3299,because
3300,my
3301,daughter
3302,act
3303,technology
3304,fear
3305,goal
3306,again
3307,year
3308,property
3309,citizen
3310,industry
3311,town
3312,collection
3313,agreement
3314,get
3315,stock
3316,adult
3317,subject
3318,white
3319,local
3320,challenge
3321,forward
3322,if
3323,letter
3324,together
3325,third
3326,Democrat
3327,month
3328,morning
3329,big
3330,base
3331,identify
3332,customer
3333,officer
3334,form
3335,name
3336,today
3337,can
3338,head
3339,apply
3340,worker
3341,father
3342,of
3343,avoid
3344,rock
3345,no
3346,item
3347,student
3348,computer
3349,account
3350,parent
3351,action
3352,often
3353,through
3354,new
3355,rise
3356,long
3357,her
3358,ahead
3359,whose
3360,high
3361,prove
3362,special
3363,television
3364,listen
3365,everything
3366,involve
3367,meet
3368,see
3369,though
3370,should
3371,exactly
3372,operation
3373,activity
3374,today
3375,meet
3376,case
3377,lay
3378,eat
3379,while
3380,surface
3381,involve
3382,no
3383,time
3384,development
3385,order
3386,score
3387,per
3388,develop
3389,group
3390,bag
3391,act
3392,event
3393,particular
3394,other
3395,book
3396,your
3397,scientist
3398,rule
3399,wait
3400,point
3401,quite
3402,big
3403,seek
3404,medical
3405,common
3406,politics
3407,risk
3408,long
3409,successful
3410,American
3411,of
3412,recognize
3413,pull
3414,paper
3415,owner
3416,financial
3417,various
3418,ok
3419,these
3420,yet
3421,attention
3422,feeling
3423,shoulder
3424,dog
3425,choice
3426,recently
3427,have
3428,since
3429,important
3430,term
3431,image
3432,order
3433,of
3434,your
3435,than
3436,something
3437,plan
3438,she
3439,popular
3440,standard
3441,stand
3442,organization
3443,real
3444,investment
3445,health
3446,total
3447,score
3448,tree
3449,course
3450,Congress
3451,fact
3452,military
3453,PM
3454,let
3455,though
3456,TV
3457,six
3458,coach
3459,big
3460,anyone
3461,recognize
3462,all
3463,go
3464,account
3465,story
3466,product
3467,girl
3468,phone
3469,administration
3470,cut
3471,myself
3472,responsibility
3473,story
3474,suddenly
3475,world
3476,speech
3477,and
3478,bank
3479,financial
3480,policy
3481,join
3482,feeling
3483,ability
3484,lot
3485,place
3486,crime
3487,represent
3488,conference
3489,whose
3490,report
3491,start
3492,say
3493,goal
3494,accept
3495,family
3496,this
3497,remain
3498,measure
3499,dinner
3500,shake
3501,hear
3502,inside
3503,boy
3504,first
3505,until
3506,plan
3507,by
3508,attack
3509,card
3510,firm
3511,hard
3512,policy
3513,it
3514,camera
3515,fire
3516,space
3517,pass
3518,style
3519,indicate
3520,mission
3521,often
3522,certain
3523,specific
3524,bed
3525,once
3526,political
3527,stuff
3528,by
3529,deal
3530,turn
3531,common
3532,sister
3533,five
3534,something
3535,edge
3536,realize
3537,practice
3538,theory
3539,market
3540,voice
3541,at
3542,cup
3543,loss
3544,smile
3545,popular
3546,option
3547,animal
3548,hit
3549,time
3550,law
3551,manager
3552,room
3553,question
3554,man
3555,those
3556,issue
3557,necessary
3558,reason
3559,own
3560,body
3561,federal
3562,thought
3563,occur
3564,own
3565,drug
3566,PM
3567,might
3568,scene
3569,opportunity
3570,fund
3571,traditional
3572,four
3573,reduce
3574,wait
3575,life
3576,discussion
3577,fall
3578,through
3579,campaign
3580,response
3581,force
3582,indicate
3583,scene
3584,above
3585,impact
3586,improve
3587,blue
3588,perform
3589,pay
3590,police
3591,someone
3592,case
3593,enough
3594,must
3595,fight
3596,lose
3597,party
3598,see
3599,drug
3600,get
3601,stand
3602,nor
3603,development
3604,suffer
3605,office
3606,career
3607,so
3608,hot
3609,manager
3610,win
3611,social
3612,why
3613,education
3614,onto
3615,record
3616,here
3617,decade
3618,stay
3619,about
3620,to
3621,season
3622,idea
3623,from
3624,suggest
3625,east
3626,senior
3627,might
3628,low
3629,marriage
3630,language
3631,pick
3632,sell
3633,issue
3634,father
3635,whom
3636,far
3637,else
3638,country
3639,can
3640,student
3641,despite
3642,forward
3643,price
3644,analysis
3645,seem
3646,much
3647,could
3648,upon
3649,forget
3650,without
3651,discover
3652,operation
3653,discussion
3654,smile
3655,interest
3656,there
3657,continue
3658,only
3659,find
3660,operation
3661,long
3662,boy
3663,recently
3664,three
3665,knowledge
3666,exist
3667,while
3668,even
3669,crime
3670,affect
3671,under
3672,tend
3673,idea
3674,move
3675,six
3676,move
3677,mind
3678,against
3679,recent
3680,first
3681,record
3682,whom
3683,use
3684,leave
3685,force
3686,garden
3687,personal
3688,live
3689,different
3690,final
3691,represent
3692,interest
3693,develop
3694,soldier
3695,hair
3696,modern
3697,political
3698,worry
3699,article
3700,whole
3701,place
3702,pressure
3703,sport
3704,upon
3705,democratic
3706,physical
3707,cold
3708,then
3709,environmental
3710,pattern
3711,majority
3712,father
3713,different
3714,hit
3715,parent
3716,note
3717,opportunity
3718,yeah
3719,camera
3720,PM
3721,top
3722,else
3723,walk
3724,less
3725,into
3726,loss
3727,from
3728,hear
3729,hope
3730,success
3731,under
3732,cover
3733,need
3734,mother
3735,focus
3736,feeling
3737,court
3738,break
3739,family
3740,any
3741,present
3742,behavior
3743,deal
3744,rather
3745,hear
3746,evidence
3747,could
3748,scientist
3749,item
3750,small
3751,different
3752,letter
3753,student
3754,purpose
3755,sea
3756,try
3757,treat
3758,choice
3759,wrong
3760,amount
3761,deep
3762,individual
3763,tough
3764,require
3765,fly
3766,between
3767,company
3768,debate
3769,late
3770,leave
3771,instead
3772,product
3773,say
3774,others
3775,whom
3776,analysis
3777,statement
3778,already
3779,east
3780,key
3781,certainly
3782,reality
3783,like
3784,miss
3785,try
3786,over
3787,cause
3788,eye
3789,fact
3790,left
3791,star
3792,wait
3793,represent
3794,whatever
3795,mention
3796,action
3797,life
3798,student
3799,environmental
3800,admit
3801,live
3802,society
3803,authority
3804,strategy
3805,almost
3806,own
3807,cold
3808,final
3809,past
3810,first
3811,word
3812,age
3813,film
3814,environmental
3815,often
3816,thing
3817,federal
3818,evening
3819,though
3820,south
3821,simple
3822,edge
3823,degree
3824,town
3825,heart
3826,four
3827,move
3828,five
3829,center
3830,key
3831,charge
3832,character
3833,call
3834,program
3835,stand
3836,ok
3837,right
3838,religious
3839,serve
3840,teacher
3841,far
3842,actually
3843,tree
3844,smile
3845,care
3846,produce
3847,bed
3848,really
3849,serve
3850,travel
3851,science
3852,turn
3853,key
3854,to
3855,service
3856,professor
3857,more
3858,share
3859,serious
3860,international
3861,doctor
3862,body
3863,purpose
3864,student
3865,pull
3866,each
3867,look
3868,assume
3869,so
3870,foreign
3871,day
3872,important
3873,worker
3874,others
3875,maybe
3876,eat
3877,result
3878,have
3879,ability
3880,worker
3881,pattern
3882,voice
3883,then
3884,whatever
3885,loss
3886,practice
3887,fish
3888,ahead
3889,go
3890,land
3891,human
3892,seven
3893,forget
3894,girl
3895,scientist
3896,force
3897,red
3898,federal
3899,firm
3900,administration
3901,environment
3902,affect
3903,pull
3904,about
3905,federal
3906,information
3907,rule
3908,on
3909,wonder
3910,area
3911,air
3912,good
3913,power
3914,product
3915,affect
3916,traditional
3917,read
3918,continue
3919,development
3920,just
3921,property
3922,drive
3923,because
3924,school
3925,it
3926,financial
3927,general
3928,if
3929,hit
3930,leg
3931,ball
3932,close
3933,compare
3934,type
3935,others
3936,gas
3937,after
3938,specific
3939,let
3940,save
3941,child
3942,her
3943,respond
3944,according
3945,tend
3946,western
3947,his
3948,company
3949,big
3950,son
3951,admit
3952,perhaps
3953,company
3954,accept
3955,some
3956,ever
3957,home
3958,game
3959,mouth
3960,what
3961,dark
3962,sign
3963,couple
3964,property
3965,reveal
3966,physical
3967,speech
3968,power
3969,school
3970,car
3971,police
3972,name
3973,wide
3974,number
3975,unit
3976,month
3977,assume
3978,man
3979,tough
3980,treatment
3981,behind
3982,similar
3983,country
3984,rich
3985,hit
3986,kid
3987,age
3988,blue
3989,specific
3990,water
3991,view
3992,investment
3993,edge
3994,them
3995,look
3996,natural
3997,then
3998,rather
3999,voice
4000,guess
4001,weight
4002,food
4003,sometimes
4004,health
4005,citizen
4006,simply
4007,realize
4008,action
4009,option
4010,public
4011,cost
4012,ten
4013,between
4014,entire
4015,describe
4016,off
4017,few
4018,religious
4019,beat
4020,behavior
4021,pattern
4022,world
4023,serious
4024,significant
4025,six
4026,reflect
4027,tax
4028,house
4029,box
4030,minute
4031,when
4032,its
4033,among
4034,use
4035,answer
4036,coach
4037,lot
4038,trouble
4039,site
4040,art
4041,edge
4042,key
4043,weight
4044,large
4045,one
4046,remain
4047,meeting
4048,thing
4049,power
4050,tend
4051,skill
4052,moment
4053,child
4054,pressure
4055,discussion
4056,cup
4057,language
4058,past
4059,allow
4060,down
4061,Mrs
4062,near
4063,page
4064,clearly
4065,small
4066,myself
4067,nice
4068,remember
4069,fire
4070,skill
4071,agree
4072,right
4073,whose
4074,statement
4075,response
4076,more
4077,ball
4078,fill
4079,type
4080,oil
4081,within
4082,wish
4083,in
4084,size
4085,election
4086,down
4087,would
4088,human
4089,impact
4090,any
4091,half
4092,drug
4093,certain
4094,idea
4095,window
4096,receive
4097,resource
4098,protect
4099,together
4100,fish
4101,anything
4102,contain
4103,claim
4104,speak
4105,choose
4106,edge
4107,beat
4108,morning
4109,itself
4110,itself
4111,natural
4112,clearly
4113,stop
4114,fill
4115,quality
4116,make
4117,institution
4118,finally
4119,sound
4120,behavior
4121,decide
4122,leave
4123,international
4124,least
4125,always
4126,start
4127,human
4128,fill
4129,walk
4130,unit
4131,book
4132,they
4133,he
4134,public
4135,ground
4136,page
4137,surface
4138,discussion
4139,manage
4140,far
4141,risk
4142,put
4143,story
4144,either
4145,operation
4146,worry
4147,court
4148,prevent
4149,lead
4150,research
4151,agent
4152,serve
4153,fire
4154,standard
4155,across
4156,down
4157,event
4158,writer
4159,school
4160,appear
4161,tend
4162,real
4163,throw
4164,information
4165,collection
4166,back
4167,claim
4168,realize
4169,election
4170,area
4171,simple
4172,board
4173,other
4174,space
4175,mention
4176,join
4177,group
4178,point
4179,art
4180,guess
4181,group
4182,offer
4183,rock
4184,use
4185,stuff
4186,time
4187,available
4188,fly
4189,week
4190,there
4191,public
4192,line
4193,current
4194,drug
4195,final
4196,floor
4197,force
4198,through
4199,together
4200,billion
4201,long
4202,blood
4203,loss
4204,picture
4205,support
4206,performance
4207,challenge
4208,education
4209,page
4210,financial
4211,cause
4212,executive
4213,short
4214,feel
4215,despite
4216,collection
4217,toward
4218,authority
4219,treat
4220,seat
4221,onto
4222,need
4223,opportunity
4224,house
4225,want
4226,eat
4227,visit
4228,interesting
4229,operation
4230,start
4231,could
4232,reveal
4233,end
4234,food
4235,opportunity
4236,moment
4237,pretty
4238,or
4239,discover
4240,book
4241,agent
4242,wear
4243,store
4244,house
4245,box
4246,short
4247,nice
4248,at
4249,would
4250,explain
4251,discuss
4252,hour
4253,much
4254,state
4255,TV
4256,trial
4257,true
4258,stage
4259,method
4260,front
4261,trial
4262,network
4263,until
4264,either
4265,class
4266,design
4267,get
4268,computer
4269,that
4270,a
4271,force
4272,fall
4273,food
4274,color
4275,long
4276,late
4277,beyond
4278,film
4279,relate
4280,production
4281,partner
4282,energy
4283,just
4284,return
4285,near
4286,respond
4287,score
4288,forward
4289,improve
4290,store
4291,example
4292,strong
4293,break
4294,ten
4295,animal
4296,at
4297,member
4298,accept
4299,but
4300,animal
4301,fall
4302,build
4303,along
4304,share
4305,boy
4306,others
4307,admit
4308,employee
4309,exist
4310,he
4311,story
4312,I
4313,fine
4314,sing
4315,call
4316,tax
4317,hit
4318,fight
4319,necessary
4320,above
4321,as
4322,piece
4323,note
4324,home
4325,certainly
4326,red
4327,young
4328,quality
4329,so
4330,fund
4331,manager
4332,whether
4333,live
4334,form
4335,responsibility
4336,cost
4337,cold
4338,present
4339,executive
4340,shoulder
4341,base
4342,million
4343,size
4344,need
4345,hair
4346,bed
4347,true
4348,pay
4349,treatment
4350,manage
4351,deal
4352,rise
4353,western
4354,ten
4355,order
4356,idea
4357,spend
4358,goal
4359,send
4360,film
4361,specific
4362,clear
4363,plan
4364,green
4365,value
4366,affect
4367,move
4368,writer
4369,year
4370,nice
4371,close
4372,control
4373,resource
4374,view
4375,evidence
4376,grow
4377,reduce
4378,why
4379,sister
4380,speak
4381,authority
4382,nature
4383,opportunity
4384,up
4385,our
4386,once
4387,customer
4388,red
4389,magazine
4390,reduce
4391,page
4392,few
4393,cultural
4394,guess
4395,Republican
4396,mean
4397,nation
4398,inside
4399,feeling
4400,nearly
4401,know
4402,head
4403,scientist
4404,eat
4405,perhaps
4406,soon
4407,main
4408,stand
4409,computer
4410,effect
4411,reason
4412,staff
4413,its
4414,help
4415,character
4416,meet
4417,member
4418,range
4419,eat
4420,method
4421,piece
4422,senior
4423,machine
4424,performance
4425,gas
4426,present
4427,memory
4428,skin
4429,main
4430,medical
4431,allow
4432,bit
4433,listen
4434,media
4435,maybe
4436,talk
4437,position
4438,member
4439,soon
4440,activity
4441,shoulder
4442,true
4443,analysis
4444,war
4445,commercial
4446,tend
4447,culture
4448,person
4449,image
4450,investment
4451,technology
4452,agree
4453,rich
4454,very
4455,test
4456,east
4457,have
4458,conference
4459,professional
4460,very
4461,event
4462,ready
4463,beautiful
4464,expect
4465,development
4466,commercial
4467,hot
4468,easy
4469,involve
4470,special
4471,happy
4472,cause
4473,on
4474,player
4475,memory
4476,imagine
4477,financial
4478,present
4479,through
4480,season
4481,go
4482,measure
4483,five
4484,purpose
4485,think
4486,fire
4487,participant
4488,may
4489,voice
4490,approach
4491,local
4492,able
4493,page
4494,draw
4495,north
4496,interview
4497,manage
4498,down
4499,explain
4500,these
4501,paper
4502,above
4503,radio
4504,evening
4505,bill
4506,go
4507,size
4508,marriage
4509,sound
4510,detail
4511,including
4512,turn
4513,specific
4514,manager
4515,go
4516,financial
4517,sometimes
4518,could
4519,big
4520,word
4521,wait
4522,realize
4523,in
4524,avoid
4525,usually
4526,establish
4527,medical
4528,human
4529,deep
4530,mind
4531,food
4532,analysis
4533,fly
4534,exactly
4535,specific
4536,describe
4537,beautiful
4538,fight
4539,address
4540,hear
4541,send
4542,argue
4543,decide
4544,long
4545,theory
4546,various
4547,usually
4548,agree
4549,look
4550,while
4551,much
4552,anything
4553,treat
4554,wind
4555,region
4556,dream
4557,former
4558,we
4559,south
4560,reality
4561,answer
4562,box
4563,appear
4564,door
4565,do
4566,professional
4567,eight
4568,cut
4569,around
4570,begin
4571,goal
4572,others
4573,upon
4574,drop
4575,at
4576,pick
4577,raise
4578,whole
4579,song
4580,tell
4581,mother
4582,little
4583,risk
4584,give
4585,area
4586,decade
4587,example
4588,establish
4589,medical
4590,main
4591,future
4592,enough
4593,view
4594,sing
4595,individual
4596,management
4597,exist
4598,along
4599,year
4600,phone
4601,and
4602,fast
4603,still
4604,wrong
4605,parent
4606,recognize
4607,likely
4608,well
4609,exactly
4610,job
4611,interest
4612,race
4613,yes
4614,until
4615,account
4616,not
4617,state
4618,discussion
4619,issue
4620,until
4621,wall
4622,standard
4623,week
4624,measure
4625,number
4626,may
4627,thank
4628,partner
4629,many
4630,card
4631,central
4632,morning
4633,then
4634,another
4635,probably
4636,money
4637,long
4638,hair
4639,defense
4640,paper
4641,answer
4642,forget
4643,her
4644,happy
4645,question
4646,against
4647,tree
4648,into
4649,show
4650,region
4651,window
4652,administration
4653,suggest
4654,one
4655,security
4656,low
4657,team
4658,say
4659,person
4660,scientist
4661,world
4662,detail
4663,bar
4664,section
4665,other
4666,student
4667,night
4668,guess
4669,interest
4670,professor
4671,because
4672,language
4673,seek
4674,be
4675,get
4676,morning
4677,painting
4678,machine
4679,someone
4680,reality
4681,write
4682,international
4683,others
4684,close
4685,front
4686,hour
4687,certain
4688,best
4689,compare
4690,get
4691,civil
4692,plan
4693,material
4694,agree
4695,alone
4696,inside
4697,machine
4698,within
4699,as
4700,detail
4701,produce
4702,share
4703,around
4704,this
4705,hear
4706,something
4707,also
4708,college
4709,wife
4710,animal
4711,natural
4712,first
4713,artist
4714,hot
4715,according
4716,manage
4717,consider
4718,large
4719,should
4720,nation
4721,moment
4722,cause
4723,best
4724,future
4725,claim
4726,behavior
4727,risk
4728,structure
4729,conference
4730,agreement
4731,identify
4732,term
4733,into
4734,natural
4735,information
4736,not
4737,from
4738,to
4739,source
4740,daughter
4741,character
4742,town
4743,effect
4744,amount
4745,tax
4746,pretty
4747,catch
4748,make
4749,high
4750,food
4751,player
4752,market
4753,college
4754,increase
4755,small
4756,clearly
4757,right
4758,it
4759,pull
4760,future
4761,team
4762,plan
4763,study
4764,interest
4765,be
4766,few
4767,leave
4768,rather
4769,standard
4770,become
4771,color
4772,situation
4773,at
4774,assume
4775,perhaps
4776,local
4777,suffer
4778,of
4779,sort
4780,purpose
4781,language
4782,kind
4783,movie
4784,herself
4785,they
4786,could
4787,avoid
4788,health
4789,reason
4790,two
4791,animal
4792,newspaper
4793,everybody
4794,executive
4795,large
4796,debate
4797,week
4798,son
4799,defense
4800,right
4801,option
4802,life
4803,like
4804,do
4805,particularly
4806,recent
4807,sport
4808,newspaper
4809,after
4810,reality
4811,news
4812,interview
4813,sing
4814,its
4815,recent
4816,choose
4817,than
4818,order
4819,ok
4820,whose
4821,husband
4822,less
4823,clear
4824,feeling
4825,involve
4826,perhaps
4827,history
4828,piece
4829,behind
4830,tonight
4831,together
4832,meet
4833,bank
4834,human
4835,big
4836,inside
4837,his
4838,always
4839,administration
4840,recognize
4841,state
4842,boy
4843,three
4844,general
4845,agent
4846,continue
4847,try
4848,society
4849,discussion
4850,establish
4851,if
4852,most
4853,material
4854,rise
4855,himself
4856,economy
4857,full
4858,step
4859,music
4860,perhaps
4861,government
4862,this
4863,leave
4864,paper
4865,section
4866,fill
4867,opportunity
4868,quickly
4869,later
4870,continue
4871,town
4872,last
4873,you
4874,nation
4875,bit
4876,example
4877,agent
4878,rule
4879,clear
4880,citizen
4881,rock
4882,set
4883,pull
4884,lawyer
4885,include
4886,establish
4887,where
4888,perhaps
4889,relate
4890,compare
4891,understand
4892,go
4893,fast
4894,small
4895,trouble
4896,address
4897,forward
4898,two
4899,discover
4900,relationship
4901,drop
4902,our
4903,central
4904,audience
4905,stock
4906,security
4907,special
4908,speak
4909,machine
4910,worry
4911,base
4912,man
4913,whose
4914,face
4915,concern
4916,population
4917,month
4918,heavy
4919,fine
4920,before
4921,American
4922,situation
4923,particularly
4924,outside
4925,half
4926,before
4927,accept
4928,fear
4929,hair
4930,later
4931,operation
4932,sometimes
4933,sense
4934,space
4935,indicate
4936,interview
4937,remember
4938,according
4939,bit
4940,quality
4941,black
4942,discussion
4943,start
4944,television
4945,trip
4946,author
4947,order
4948,one
4949,agent
4950,nor
4951,world
4952,billion
4953,resource
4954,animal
4955,same
4956,spring
4957,another
4958,take
4959,book
4960,laugh
4961,personal
4962,discover
4963,discuss
4964,similar
4965,beat
4966,also
4967,visit
4968,across
4969,create
4970,positive
4971,his
4972,everybody
4973,so
4974,brother
4975,offer
4976,movement
4977,well
4978,popular
4979,argue
4980,wide
4981,drop
4982,can
4983,per
4984,teacher
4985,mother
4986,rather
4987,first
4988,system
4989,start
4990,in
4991,information
4992,staff
4993,experience
4994,fight
4995,under
4996,perform
4997,for
4998,other
4999,change
5000,child
