id,nombre,ubicacion
1,Hardy,093
2,Jones,PSC
3,Wyatt,918
4,Friedman,USS
5,Bryant,USC
6,Cervantes,360
7,Lloyd,789
8,Martinez,995
9,Martinez,599
10,Barnes,516
11,Torres,PSC
12,Clark,985
13,Sweeney,937
14,Bauer,PSC
15,Miller,748
16,Shaw,660
17,Anderson,366
18,Chavez,447
19,Pineda,938
20,Wallace,393
21,Shaffer,055
22,Flores,362
23,Robinson,979
24,Spencer,PSC
25,Hampton,785
26,Anderson,822
27,Watkins,719
28,Preston,396
29,Baird,514
30,Durham,626
31,Church,291
32,Macdonald,117
33,Green,USN
34,Lewis,473
35,Jones,984
36,Evans,073
37,Jones,PSC
38,Mooney,922
39,Edwards,091
40,Fuller,964
41,Romero,947
42,Lee,273
43,Schmitt,959
44,Matthews,536
45,Anderson,652
46,Kim,740
47,Watson,861
48,Perez,077
49,Holland,483
50,Christian,PSC
51,Hill,Uni
52,Burke,650
53,Brown,922
54,Zhang,903
55,Moore,748
56,King,179
57,Jackson,732
58,Miller,USC
59,Savage,473
60,Marquez,552
61,Williams,579
62,Harrison,478
63,Christensen,308
64,Ford,PSC
65,Walker,522
66,Johnston,939
67,Williams,091
68,Johns,232
69,Fuentes,863
70,Lang,434
71,Green,633
72,Smith,PSC
73,Perez,438
74,Collins,621
75,King,516
76,Pham,134
77,Russell,613
78,West,704
79,Ortiz,147
80,Scott,Uni
81,Kane,USN
82,Schmitt,103
83,Barnett,USS
84,Luna,919
85,Snyder,326
86,Roman,592
87,Small,842
88,Wilkerson,592
89,Franco,688
90,Gross,855
91,Carter,804
92,Holland,573
93,Robertson,690
94,Weaver,093
95,Zavala,Uni
96,Stewart,Uni
97,Burns,952
98,Armstrong,971
99,White,799
100,Warner,419
101,Hill,774
102,Olson,677
103,Rogers,787
104,Sawyer,795
105,Lopez,947
106,Clark,461
107,Mcclain,962
108,Miller,930
109,Hunt,257
110,Hernandez,Uni
111,Garcia,501
112,Garcia,478
113,Pierce,USC
114,Salazar,USN
115,Andrews,771
116,Walton,718
117,Braun,942
118,Barber,456
119,Hernandez,528
120,Bryan,461
121,Brown,298
122,Lambert,674
123,Chandler,590
124,Wright,343
125,Hill,901
126,Young,297
127,Davis,162
128,Rodriguez,168
129,Delacruz,622
130,Price,280
131,Smith,632
132,Brown,310
133,Hicks,990
134,Wallace,254
135,Rodriguez,494
136,Herring,548
137,Smith,777
138,Thomas,371
139,Cook,076
140,Kennedy,PSC
141,Hernandez,293
142,Bradley,037
143,Wilson,850
144,Jones,968
145,Morales,025
146,Vasquez,207
147,Nelson,058
148,Ross,274
149,Diaz,680
150,Miranda,062
151,Day,637
152,Martin,Uni
153,Fuller,906
154,Perez,052
155,Perez,USN
156,Anderson,604
157,Taylor,369
158,Gallegos,941
159,Hughes,895
160,Peters,364
161,Garcia,296
162,Bauer,037
163,Bell,472
164,King,347
165,Rice,994
166,Palmer,107
167,Barnes,318
168,Small,851
169,Stevenson,973
170,Murphy,405
171,Clark,801
172,Fox,000
173,Cannon,509
174,Martinez,052
175,Erickson,USN
176,Leon,986
177,Sandoval,616
178,Mitchell,484
179,Bates,740
180,Schaefer,PSC
181,Luna,562
182,Contreras,Uni
183,Wright,912
184,Williams,476
185,Anderson,893
186,Galvan,275
187,Mcintosh,062
188,King,568
189,Dunn,425
190,Moss,337
191,Durham,955
192,Lang,041
193,Hendricks,425
194,Orozco,PSC
195,Briggs,PSC
196,Reed,638
197,Payne,579
198,Lopez,061
199,Boyd,204
200,Robbins,778
201,Sandoval,716
202,Hernandez,USN
203,Brewer,753
204,Lara,485
205,Nelson,379
206,Marshall,865
207,Rowland,137
208,Armstrong,287
209,Vega,Uni
210,Frazier,PSC
211,Jackson,205
212,Herrera,Uni
213,Roman,393
214,Warren,939
215,Wood,189
216,Becker,858
217,Arias,048
218,Singh,097
219,Li,871
220,Turner,113
221,Jones,782
222,Robinson,881
223,Mendoza,569
224,Weber,008
225,Sherman,553
226,Lucas,658
227,Diaz,028
228,Johnson,245
229,Beck,863
230,Smith,793
231,Ramirez,563
232,Fritz,885
233,Wallace,235
234,Thomas,486
235,Leblanc,934
236,Shaffer,224
237,Kelley,459
238,Davis,509
239,Ruiz,562
240,Fuller,783
241,Navarro,782
242,Coleman,002
243,Anderson,551
244,Martinez,289
245,Tyler,513
246,Ross,995
247,Nash,575
248,Flores,USN
249,Le,610
250,Keith,371
251,Fisher,764
252,Wheeler,847
253,Walters,536
254,Bradley,013
255,Villarreal,052
256,Glass,Uni
257,Smith,495
258,Swanson,197
259,Riley,449
260,Hogan,260
261,Thomas,085
262,Johnson,521
263,Wu,524
264,Stephens,Uni
265,Stone,444
266,Strickland,PSC
267,Cox,396
268,Carpenter,739
269,Beard,063
270,Taylor,619
271,Wallace,022
272,Melton,548
273,Nelson,472
274,Miller,498
275,Holland,833
276,Juarez,698
277,Johns,USS
278,Wall,299
279,Stephens,364
280,White,799
281,Warren,575
282,Hughes,490
283,Nguyen,USN
284,Ross,543
285,West,813
286,Hernandez,823
287,Hicks,773
288,Wong,864
289,Nolan,687
290,Bell,072
291,Mills,755
292,Hall,131
293,Richardson,226
294,Mathews,543
295,Grant,490
296,Keller,828
297,Hill,161
298,Robinson,796
299,Lee,095
300,Ramirez,761
301,West,095
302,Bates,774
303,Patel,810
304,Jones,940
305,Armstrong,USS
306,Brown,397
307,Hall,718
308,Johnson,668
309,Atkins,361
310,Roberts,Uni
311,Marsh,001
312,Williams,750
313,Smith,576
314,Wheeler,714
315,Flores,135
316,Johnson,589
317,Foster,258
318,Clark,515
319,Alvarez,896
320,Adkins,860
321,Hernandez,035
322,Williams,217
323,Gibson,963
324,Rivera,Uni
325,Davis,796
326,Newton,USN
327,Nixon,465
328,Gibson,751
329,Matthews,926
330,Molina,795
331,Hall,757
332,Walker,707
333,Chen,527
334,Jenkins,427
335,Lewis,646
336,Floyd,839
337,Rowland,075
338,Thompson,493
339,Miller,760
340,Burton,105
341,Barton,617
342,Johnson,470
343,Aguilar,314
344,Mccoy,175
345,Bray,848
346,Rose,832
347,Jones,PSC
348,Brooks,186
349,Winters,341
350,Becker,678
351,Becker,595
352,Kelley,414
353,Miller,952
354,Lang,787
355,Woods,068
356,Wiggins,024
357,Wright,165
358,Mitchell,348
359,Bailey,345
360,Taylor,522
361,Swanson,451
362,Harrell,PSC
363,Robertson,760
364,Callahan,395
365,Ramos,PSC
366,Montes,802
367,Thompson,Uni
368,Faulkner,085
369,Kennedy,673
370,Gonzales,844
371,Peters,233
372,Rodriguez,906
373,Hicks,604
374,Mathis,162
375,Garcia,830
376,Thomas,473
377,Carlson,066
378,Santos,256
379,Medina,984
380,Martinez,971
381,West,580
382,Miller,487
383,Matthews,782
384,Anthony,269
385,Grimes,162
386,Burns,960
387,Wyatt,838
388,Hernandez,189
389,Suarez,120
390,Mitchell,282
391,Forbes,302
392,Adams,PSC
393,Harris,292
394,Caldwell,054
395,Gonzales,203
396,Doyle,PSC
397,Ingram,343
398,Mcdaniel,488
399,Barker,975
400,Barker,025
401,Rivera,946
402,Williams,762
403,Kirby,Uni
404,Perkins,684
405,Castro,PSC
406,Cooke,595
407,Friedman,530
408,Johnson,776
409,Johnson,967
410,Allen,872
411,Glenn,740
412,Vincent,795
413,Deleon,619
414,Henry,PSC
415,Mccormick,USS
416,Horne,772
417,Little,681
418,Brady,305
419,Price,386
420,Davis,780
421,Everett,979
422,Johnson,009
423,Freeman,568
424,Lee,403
425,Brown,702
426,Maddox,464
427,Dawson,183
428,Ramirez,690
429,Glass,983
430,Porter,182
431,Greene,601
432,Mckay,907
433,Morris,USS
434,Reid,421
435,Lee,260
436,Trujillo,USN
437,Watson,156
438,Pham,430
439,Johnson,726
440,Cline,437
441,Walker,208
442,Hall,070
443,Miller,473
444,Allison,PSC
445,Hill,385
446,Martinez,911
447,Brown,408
448,Morris,854
449,Gonzalez,718
450,Brown,192
451,Jordan,036
452,Hernandez,176
453,Nelson,810
454,Cooper,204
455,Griffin,969
456,Waters,490
457,Smith,138
458,Jackson,USN
459,Hayes,PSC
460,Oliver,840
461,King,844
462,Reyes,489
463,Hoffman,838
464,Wallace,281
465,Sullivan,299
466,Anderson,183
467,Quinn,Uni
468,Gibbs,104
469,Erickson,001
470,Howard,514
471,Foster,670
472,Butler,485
473,Smith,254
474,Smith,159
475,Palmer,085
476,Hansen,353
477,Murphy,567
478,Johnston,561
479,Kim,908
480,Garcia,965
481,Rodriguez,827
482,Hudson,114
483,Thomas,548
484,Wood,407
485,Cardenas,920
486,Davidson,602
487,Aguirre,865
488,Riley,356
489,Clark,969
490,Morales,744
491,Horn,163
492,Best,USC
493,Scott,974
494,Morgan,024
495,Davis,960
496,Collier,Uni
497,Gordon,280
498,Howell,744
499,James,729
500,Hamilton,129
501,Bruce,346
502,Newman,330
503,Doyle,827
504,Garcia,549
505,White,238
506,Martin,224
507,Melendez,985
508,Garza,099
509,Ortega,289
510,Gonzales,467
511,Graham,811
512,Friedman,PSC
513,Horn,138
514,Gonzalez,113
515,Hall,918
516,Mccarthy,596
517,Murphy,PSC
518,Horton,010
519,Tucker,761
520,French,313
521,Ingram,020
522,Barajas,115
523,Freeman,899
524,Smith,011
525,Guzman,577
526,Moses,USN
527,Wong,PSC
528,Reyes,692
529,Nicholson,459
530,Taylor,USC
531,Stone,232
532,Wallace,816
533,Olson,962
534,Livingston,965
535,Bradley,PSC
536,Walker,295
537,Gonzalez,393
538,Kennedy,142
539,Fox,887
540,Adams,460
541,Owens,152
542,Franco,141
543,Anderson,297
544,Young,476
545,Rodriguez,USN
546,Griffin,488
547,Mckee,467
548,Lyons,598
549,James,283
550,Kelly,007
551,Caldwell,657
552,Green,830
553,Cordova,PSC
554,Joseph,USS
555,Powell,590
556,Peterson,659
557,Burton,628
558,Obrien,834
559,Swanson,980
560,Flores,PSC
561,Warren,798
562,Turner,155
563,Fitzgerald,340
564,Weber,447
565,Levine,340
566,Cox,397
567,Frazier,436
568,Massey,PSC
569,Thompson,262
570,Gonzalez,USS
571,Wilson,USS
572,Wilson,748
573,King,893
574,Rowe,674
575,Dean,635
576,Carroll,889
577,Rodriguez,260
578,Henderson,758
579,Brown,003
580,Taylor,692
581,Davis,USC
582,Thompson,823
583,Smith,924
584,Stuart,031
585,Mejia,514
586,Ramirez,USC
587,Cole,695
588,Lambert,499
589,Brown,179
590,Rice,337
591,Bell,664
592,Nelson,387
593,Lewis,895
594,Smith,613
595,Smith,261
596,Colon,304
597,Garcia,887
598,Murphy,587
599,Phillips,USN
600,Gordon,954
601,Moore,119
602,Moore,PSC
603,Delacruz,USC
604,Walls,213
605,Simpson,781
606,Webster,389
607,Smith,481
608,Kidd,251
609,Rivera,228
610,Ward,USC
611,Banks,333
612,Mcknight,501
613,Hogan,706
614,Webb,512
615,Bishop,165
616,Brown,856
617,Landry,868
618,Munoz,320
619,Ferguson,675
620,Smith,014
621,Ray,755
622,Strickland,326
623,Martinez,746
624,Blackwell,549
625,Johnson,865
626,Gonzalez,841
627,Anderson,916
628,Thompson,843
629,Roberts,779
630,Moore,592
631,Gomez,379
632,Rhodes,Uni
633,Serrano,889
634,Savage,355
635,Daniels,007
636,Hartman,571
637,Long,574
638,Dunlap,526
639,Haynes,191
640,Martinez,463
641,Baker,229
642,Morris,669
643,Rivera,219
644,Farrell,325
645,Patterson,816
646,Curtis,219
647,Sanchez,Uni
648,Molina,374
649,Moore,Uni
650,Williams,804
651,Cook,557
652,Giles,390
653,Rodriguez,435
654,Lewis,174
655,Powers,430
656,Casey,334
657,Parsons,033
658,Wagner,216
659,Valentine,798
660,Hooper,249
661,Mills,189
662,Jacobson,546
663,Adkins,903
664,Rogers,943
665,Andersen,209
666,Trevino,350
667,Parsons,584
668,Mcpherson,530
669,Crawford,609
670,Taylor,PSC
671,Carroll,729
672,Johnson,161
673,Kemp,813
674,Robinson,581
675,Mckinney,USN
676,Washington,893
677,Thomas,015
678,Lawson,795
679,Ortega,079
680,Oliver,327
681,Brown,130
682,Lopez,115
683,Leon,753
684,Soto,453
685,Donovan,816
686,Joseph,027
687,Page,368
688,Carr,817
689,Juarez,101
690,Booth,644
691,Gillespie,USS
692,Adams,948
693,Woods,777
694,Sullivan,881
695,Whitney,238
696,Hill,433
697,Johnson,197
698,Phillips,254
699,Bell,496
700,Cain,782
701,Roberts,361
702,Tate,366
703,Lee,925
704,Thompson,901
705,Pollard,525
706,Hamilton,133
707,Rojas,959
708,Leon,879
709,Li,445
710,Johnson,602
711,Richardson,488
712,Bauer,244
713,Robertson,416
714,Davis,624
715,Moran,787
716,Rios,080
717,Murphy,490
718,Mathews,323
719,Stanton,PSC
720,Clark,029
721,Mitchell,USN
722,Adams,331
723,Lyons,542
724,Murphy,722
725,Rodriguez,389
726,Morgan,203
727,Rivera,113
728,Acevedo,966
729,Wiley,695
730,Richard,912
731,Allen,865
732,Church,546
733,Chase,761
734,Johnson,653
735,Adams,652
736,Melton,167
737,Burke,573
738,Roth,527
739,Larson,767
740,Little,905
741,Mullins,986
742,Walker,PSC
743,Smith,492
744,Brown,054
745,Mcdaniel,Uni
746,Preston,680
747,Oliver,USN
748,Hughes,696
749,Cook,173
750,Sherman,153
751,Holloway,225
752,Nixon,585
753,Combs,149
754,Maxwell,097
755,Gates,201
756,Mitchell,604
757,Potter,713
758,Oneal,178
759,Hahn,645
760,Stewart,601
761,Martin,943
762,Adams,044
763,Burnett,378
764,Gill,962
765,Warren,489
766,Brown,928
767,Norris,Uni
768,Tran,PSC
769,Brown,PSC
770,Kennedy,449
771,Smith,184
772,Nunez,003
773,Weiss,146
774,Lopez,666
775,Barker,415
776,Dyer,378
777,Pope,894
778,Booker,565
779,Henson,509
780,English,812
781,Ramirez,888
782,Young,222
783,Gonzales,671
784,Walker,664
785,Madden,883
786,Huang,669
787,Stewart,316
788,Russell,265
789,Sanchez,483
790,Ward,PSC
791,Pham,106
792,Simmons,634
793,Thomas,132
794,Harris,242
795,Gonzales,376
796,Miller,000
797,Pham,704
798,Taylor,240
799,Mendoza,PSC
800,Hampton,370
801,Ferguson,474
802,Oconnor,281
803,Austin,983
804,Bauer,870
805,Richards,022
806,Scott,020
807,Anderson,071
808,Mcintosh,401
809,Howell,PSC
810,Le,197
811,Morgan,174
812,Johnson,391
813,Wolf,486
814,Scott,470
815,Doyle,331
816,Gibson,Uni
817,Henry,875
818,Collins,819
819,Sherman,620
820,Roberts,896
821,Montgomery,431
822,Greene,216
823,Burton,844
824,Jones,601
825,Adams,169
826,Chan,986
827,Bryant,522
828,Roth,PSC
829,French,931
830,Watson,034
831,Walker,557
832,Tran,629
833,Montgomery,403
834,Hoover,443
835,Moran,129
836,Lane,336
837,Knight,632
838,Fowler,661
839,Bradley,154
840,Olson,094
841,Turner,364
842,Dominguez,747
843,Brown,133
844,Simmons,200
845,Boyer,498
846,Kim,492
847,Lyons,806
848,Rodriguez,890
849,Chang,646
850,Powell,762
851,Pruitt,916
852,Cox,801
853,Collins,913
854,Hess,415
855,Osborne,076
856,York,PSC
857,Johnson,PSC
858,Francis,806
859,Brown,182
860,Hebert,046
861,Walls,891
862,Flores,881
863,Adkins,790
864,Montgomery,986
865,Olson,857
866,Turner,554
867,Harmon,Uni
868,Romero,038
869,Greene,006
870,Craig,029
871,Case,561
872,Downs,838
873,Cline,317
874,Miller,016
875,Burns,677
876,Powers,843
877,Sutton,346
878,Martinez,Uni
879,Sandoval,920
880,Bryant,285
881,Orr,452
882,Dillon,PSC
883,Smith,672
884,Wolf,010
885,Fry,577
886,Hatfield,807
887,Ray,785
888,Brown,852
889,Hall,427
890,Herrera,897
891,Perez,181
892,Smith,910
893,Allen,508
894,Wang,517
895,Johnston,379
896,Smith,Uni
897,Mason,296
898,Romero,342
899,Owen,808
900,Tapia,308
901,Haas,859
902,Hayes,110
903,Wilson,092
904,Walker,992
905,Walker,601
906,Dixon,137
907,Lopez,829
908,Robinson,387
909,Campbell,USN
910,Pennington,554
911,Sullivan,500
912,Harding,094
913,Mcguire,798
914,Mitchell,090
915,Duncan,368
916,Estes,816
917,Wilkins,724
918,Ewing,586
919,Mitchell,827
920,Guzman,717
921,Mckay,518
922,Young,142
923,Gray,906
924,Velasquez,829
925,Guzman,350
926,Richardson,270
927,Butler,365
928,Reid,629
929,Andersen,USS
930,Allen,223
931,Taylor,033
932,Richards,004
933,Robinson,678
934,Morton,839
935,Ferrell,798
936,Larson,660
937,Torres,940
938,Cruz,058
939,Love,591
940,English,642
941,Holden,106
942,Rogers,727
943,Sims,USC
944,Becker,205
945,Gonzalez,093
946,Dawson,092
947,Harris,961
948,Whitaker,235
949,Maddox,064
950,Hensley,937
951,Trevino,322
952,Green,193
953,Kim,872
954,Moore,071
955,Murphy,970
956,Hawkins,116
957,Bailey,177
958,Carson,237
959,Hill,586
960,Hopkins,449
961,Webb,517
962,Braun,322
963,Estes,351
964,Taylor,697
965,Bowman,282
966,Wood,530
967,Bass,570
968,Williams,056
969,Love,565
970,Brown,505
971,Walker,016
972,Daniels,182
973,Miller,481
974,Jones,417
975,Diaz,192
976,Collins,584
977,Hines,858
978,Manning,894
979,Walker,Uni
980,Roberts,USS
981,Gonzalez,812
982,Haney,089
983,Schroeder,296
984,Perez,796
985,Parrish,215
986,Brown,194
987,Swanson,513
988,Moreno,834
989,Hoffman,222
990,French,854
991,Marks,424
992,Murphy,425
993,Holloway,195
994,Anderson,668
995,King,PSC
996,Gonzalez,418
997,Smith,554
998,Hunt,796
999,Thomas,355
1000,Wright,548
1001,Rodriguez,114
1002,Mcconnell,930
1003,Ho,624
1004,Moyer,968
1005,Edwards,442
1006,Lee,311
1007,Reed,572
1008,Lewis,USN
1009,Patrick,217
1010,Patton,809
1011,Green,627
1012,Brooks,849
1013,White,937
1014,Petersen,827
1015,Smith,204
1016,Williams,179
1017,Kim,124
1018,Shaw,905
1019,Hendrix,USN
1020,Henderson,031
1021,Smith,326
1022,Glover,203
1023,Foster,586
1024,Richardson,885
1025,Baker,978
1026,Watson,249
1027,Hicks,045
1028,Johnson,186
1029,Olson,886
1030,Hill,093
1031,Hopkins,019
1032,Moses,233
1033,Roberts,777
1034,Reed,651
1035,Dalton,536
1036,Leach,976
1037,Mejia,136
1038,Sullivan,996
1039,Howard,237
1040,Odom,291
1041,Morgan,186
1042,Moran,008
1043,Clark,857
1044,Hanson,282
1045,Anderson,USN
1046,Farley,539
1047,Charles,182
1048,Sims,546
1049,Klein,610
1050,Smith,527
1051,Harris,386
1052,Glover,372
1053,Hinton,373
1054,Smith,079
1055,Reed,258
1056,Hale,114
1057,Marsh,681
1058,Evans,Uni
1059,Park,477
1060,Cox,085
1061,Hill,168
1062,Ballard,531
1063,Marsh,354
1064,Nichols,751
1065,Summers,245
1066,Simpson,093
1067,Anderson,489
1068,Moore,390
1069,Davis,174
1070,Graham,904
1071,Garrett,879
1072,Cox,943
1073,Freeman,714
1074,Jones,352
1075,Schmidt,435
1076,Salas,487
1077,Yates,040
1078,Carey,831
1079,Ryan,941
1080,Alvarado,297
1081,Owen,PSC
1082,King,953
1083,Webb,432
1084,Saunders,541
1085,Gates,541
1086,White,Uni
1087,Bennett,884
1088,Moore,347
1089,Wolfe,USN
1090,Cox,225
1091,Fleming,672
1092,Maddox,235
1093,Hall,457
1094,Bradley,830
1095,Mullen,394
1096,Russell,173
1097,Matthews,747
1098,Garcia,652
1099,Cook,265
1100,Berg,228
1101,Marshall,992
1102,Gonzalez,892
1103,Waters,466
1104,Coleman,864
1105,Blevins,854
1106,Ramirez,932
1107,Wright,988
1108,Kline,103
1109,Duffy,485
1110,Paul,770
1111,Harvey,731
1112,Glover,331
1113,Potter,424
1114,Alexander,870
1115,Floyd,288
1116,Houston,137
1117,Johnson,588
1118,Johnson,992
1119,Stanton,913
1120,Andrade,PSC
1121,Lynch,USC
1122,Crawford,938
1123,Taylor,095
1124,Russo,361
1125,Gonzalez,625
1126,Copeland,907
1127,Watts,680
1128,Cortez,706
1129,Phillips,Uni
1130,Davis,551
1131,Mendez,PSC
1132,Terry,571
1133,Miller,799
1134,Harper,014
1135,Johnson,508
1136,Johnson,260
1137,Page,953
1138,Brown,789
1139,Reese,Uni
1140,Lynch,246
1141,Miller,490
1142,Wright,459
1143,Miller,690
1144,Sandoval,USS
1145,Page,754
1146,Singleton,780
1147,Lynch,829
1148,Shannon,656
1149,Smith,586
1150,Ward,210
1151,Atkins,749
1152,Bowen,968
1153,Hernandez,142
1154,Gonzalez,884
1155,Russell,439
1156,Roman,381
1157,Hart,613
1158,Hammond,320
1159,Olson,177
1160,Davies,633
1161,Henry,839
1162,Peterson,699
1163,Shelton,183
1164,Crawford,779
1165,Edwards,USN
1166,Johnson,PSC
1167,Bryant,750
1168,Wright,608
1169,Potts,243
1170,Goodwin,091
1171,Simpson,821
1172,Ellison,316
1173,Hernandez,464
1174,Pennington,661
1175,Bennett,555
1176,Mendoza,475
1177,Roberts,750
1178,Castaneda,722
1179,Pierce,870
1180,Moody,USC
1181,Flores,644
1182,Munoz,023
1183,Hill,790
1184,Pacheco,401
1185,Davis,196
1186,Martin,PSC
1187,Olsen,192
1188,Townsend,723
1189,Murphy,407
1190,Holloway,926
1191,Espinoza,830
1192,Rasmussen,367
1193,Hamilton,194
1194,Gregory,919
1195,Wood,045
1196,Andrade,281
1197,Ruiz,197
1198,Cervantes,047
1199,Carpenter,274
1200,Coleman,881
1201,Myers,502
1202,Perry,435
1203,Dudley,597
1204,Miles,649
1205,Bright,USN
1206,Brock,182
1207,Marshall,180
1208,Mueller,647
1209,Coleman,881
1210,Combs,558
1211,Cummings,717
1212,Berger,052
1213,Oneill,342
1214,Green,948
1215,Thompson,622
1216,Rivera,075
1217,Roberson,PSC
1218,Howard,647
1219,Harrison,092
1220,Cook,299
1221,Webster,125
1222,Campbell,871
1223,Riggs,094
1224,Green,027
1225,Cole,314
1226,Cole,662
1227,Bryant,442
1228,Decker,843
1229,Kelly,381
1230,Howard,181
1231,Jordan,698
1232,Osborne,PSC
1233,Medina,894
1234,Brock,Uni
1235,Stewart,672
1236,Burton,336
1237,Henson,066
1238,Brooks,318
1239,Wilson,482
1240,Barnes,247
1241,Wong,818
1242,Carroll,Uni
1243,Dalton,959
1244,Coleman,852
1245,Sullivan,899
1246,Greer,084
1247,Brewer,243
1248,Daniels,022
1249,Martinez,580
1250,Foster,769
1251,Lindsey,914
1252,Moon,USS
1253,Baldwin,USN
1254,Nguyen,337
1255,Anderson,088
1256,Silva,954
1257,Guzman,122
1258,Christian,732
1259,Baker,795
1260,White,153
1261,Rodriguez,Uni
1262,Anderson,Uni
1263,Lang,643
1264,Carlson,888
1265,Hernandez,PSC
1266,Pham,PSC
1267,Graves,948
1268,Ortiz,515
1269,Watkins,823
1270,Hardin,074
1271,Prince,786
1272,Boyd,414
1273,Moore,PSC
1274,Walker,444
1275,Cruz,728
1276,James,156
1277,Johnson,874
1278,Taylor,025
1279,Buck,413
1280,Bender,717
1281,Dominguez,411
1282,Lam,939
1283,Higgins,390
1284,Nichols,522
1285,Green,923
1286,Caldwell,851
1287,Lopez,015
1288,Torres,010
1289,Ward,756
1290,Hooper,233
1291,Jackson,491
1292,Nguyen,965
1293,Burns,426
1294,Dunlap,462
1295,Flores,718
1296,Howard,353
1297,Morris,246
1298,Stewart,935
1299,Kim,532
1300,Meyer,148
1301,Ramirez,879
1302,Campbell,691
1303,Evans,168
1304,Gray,628
1305,Miller,Uni
1306,Ball,646
1307,Larson,698
1308,Lee,574
1309,Reyes,899
1310,Serrano,209
1311,Thompson,861
1312,Leach,717
1313,Fox,230
1314,Medina,338
1315,Dominguez,600
1316,Bennett,312
1317,Thornton,PSC
1318,Conrad,039
1319,Le,397
1320,Shah,325
1321,Rosales,345
1322,Richardson,422
1323,Bernard,098
1324,Johnson,679
1325,Li,362
1326,Jones,811
1327,Patterson,734
1328,Francis,244
1329,Maxwell,784
1330,Reed,495
1331,Mcdonald,364
1332,Johnson,230
1333,Cook,681
1334,White,945
1335,Chang,PSC
1336,Hill,Uni
1337,Crawford,PSC
1338,Lewis,631
1339,Smith,PSC
1340,Carter,160
1341,Shields,785
1342,Gilmore,839
1343,Bauer,763
1344,Cruz,PSC
1345,Walters,PSC
1346,Johnson,410
1347,Higgins,778
1348,Harrison,252
1349,Cole,929
1350,King,701
1351,Tucker,485
1352,Kerr,427
1353,Burke,125
1354,Howell,240
1355,Castro,620
1356,Spears,995
1357,Morgan,431
1358,Brandt,536
1359,Richardson,440
1360,Carter,380
1361,Miles,744
1362,Brown,844
1363,Lucas,767
1364,Dawson,103
1365,Cisneros,USS
1366,Jones,780
1367,Rogers,735
1368,Jones,052
1369,Doyle,482
1370,Johnston,760
1371,Adams,USC
1372,Jordan,051
1373,Mitchell,813
1374,Webb,074
1375,Murphy,409
1376,Hall,373
1377,Gould,874
1378,Strong,099
1379,Wilson,084
1380,Jackson,518
1381,Brown,944
1382,Soto,504
1383,Nelson,USN
1384,Stewart,731
1385,Garza,017
1386,Wall,443
1387,Powell,729
1388,Evans,434
1389,Kim,241
1390,Chavez,598
1391,Lewis,810
1392,Harrell,005
1393,Meyer,803
1394,Valenzuela,611
1395,Mcclain,131
1396,Mcbride,441
1397,Jones,659
1398,Hicks,843
1399,Castro,425
1400,Davis,386
1401,Haney,PSC
1402,Hicks,307
1403,Hernandez,556
1404,Olsen,920
1405,Aguilar,029
1406,Giles,136
1407,Taylor,524
1408,Cruz,463
1409,Watkins,354
1410,Gaines,023
1411,Mccullough,919
1412,Collier,649
1413,Stone,407
1414,Weber,027
1415,Ayers,Uni
1416,Jones,006
1417,Stewart,945
1418,Walsh,920
1419,Savage,620
1420,Robinson,380
1421,Taylor,736
1422,Vasquez,369
1423,Powell,859
1424,Wolf,457
1425,Pratt,689
1426,Moody,006
1427,Johnson,118
1428,Henson,408
1429,Shaw,491
1430,Miller,354
1431,Hall,668
1432,Johnson,463
1433,Montgomery,453
1434,White,595
1435,Russell,482
1436,Cole,165
1437,Bell,668
1438,Johnson,393
1439,Powers,490
1440,Thompson,804
1441,Johnston,363
1442,Walker,682
1443,Maddox,613
1444,West,076
1445,Johns,987
1446,Camacho,819
1447,Mcguire,177
1448,Armstrong,908
1449,Freeman,787
1450,Hunter,078
1451,Rivera,Uni
1452,Hale,890
1453,Martinez,Uni
1454,Young,804
1455,Russell,422
1456,Benton,292
1457,Sullivan,Uni
1458,Klein,745
1459,Mercado,329
1460,Mendoza,162
1461,Boyd,976
1462,Bailey,966
1463,Middleton,137
1464,Spencer,819
1465,Joseph,650
1466,Smith,USS
1467,Hudson,668
1468,Cooper,695
1469,Ramos,571
1470,Smith,872
1471,Barnes,Uni
1472,Reed,591
1473,Collins,935
1474,Fuller,857
1475,Hamilton,734
1476,Jones,828
1477,Guzman,PSC
1478,Nelson,770
1479,Warren,221
1480,Young,709
1481,Scott,USN
1482,Cole,272
1483,Hernandez,109
1484,Kelley,684
1485,Clark,716
1486,Edwards,574
1487,Blankenship,876
1488,Washington,PSC
1489,Porter,834
1490,Myers,343
1491,Melton,636
1492,Williams,342
1493,Stein,514
1494,Paul,565
1495,Hunt,441
1496,Mcdonald,434
1497,Perez,328
1498,Marshall,566
1499,Lee,346
1500,Lane,975
1501,Fisher,321
1502,Barker,974
1503,Cruz,459
1504,Lee,797
1505,Sanchez,284
1506,Johnson,372
1507,Freeman,791
1508,West,USN
1509,Flores,211
1510,Pitts,823
1511,Weaver,645
1512,French,Uni
1513,Roach,345
1514,Davis,437
1515,Hood,807
1516,Knox,120
1517,Harper,998
1518,Munoz,622
1519,Lewis,976
1520,Carpenter,728
1521,Turner,602
1522,Best,494
1523,Weber,405
1524,Chase,891
1525,Hoffman,058
1526,Valencia,051
1527,Smith,434
1528,Daniels,385
1529,Nelson,782
1530,Johnson,054
1531,Mccarthy,891
1532,Long,983
1533,Gutierrez,566
1534,Snow,826
1535,Wilkerson,243
1536,Cisneros,729
1537,Brown,787
1538,Alvarez,080
1539,Boyer,569
1540,Marquez,905
1541,Phelps,884
1542,Mendez,511
1543,Keller,USS
1544,Phillips,525
1545,Moreno,962
1546,Murphy,394
1547,Flores,862
1548,Delgado,787
1549,Cox,PSC
1550,Harrell,829
1551,White,450
1552,Trujillo,265
1553,Brady,769
1554,Smith,PSC
1555,Edwards,344
1556,Porter,531
1557,Richardson,245
1558,Mcclain,094
1559,Elliott,551
1560,Valenzuela,675
1561,Jordan,005
1562,Roberts,520
1563,Mora,PSC
1564,Stevens,689
1565,Jones,946
1566,Riley,292
1567,Liu,230
1568,Robertson,639
1569,Martinez,837
1570,Miller,577
1571,Bullock,689
1572,Daniels,190
1573,Fox,004
1574,Moore,921
1575,Quinn,642
1576,Collins,627
1577,Zavala,082
1578,Taylor,880
1579,Pena,683
1580,Miller,673
1581,Petersen,440
1582,West,093
1583,Allen,857
1584,Jackson,525
1585,Powers,669
1586,Odonnell,546
1587,Butler,279
1588,Martin,165
1589,Delacruz,387
1590,Rodriguez,084
1591,Garza,896
1592,Stark,888
1593,Ayala,USN
1594,Hernandez,206
1595,Keller,437
1596,Young,400
1597,Hall,352
1598,Evans,USC
1599,Gonzales,565
1600,Salas,197
1601,Rose,910
1602,Frazier,459
1603,Stewart,322
1604,Collins,256
1605,Nguyen,279
1606,Coleman,043
1607,Stewart,050
1608,Griffin,321
1609,Coleman,187
1610,Wilson,389
1611,Thompson,931
1612,Thomas,447
1613,Chavez,200
1614,Richardson,377
1615,Lopez,693
1616,Gillespie,391
1617,Duncan,572
1618,Simmons,USC
1619,Bennett,966
1620,Short,168
1621,Wang,300
1622,Berry,PSC
1623,Sweeney,536
1624,Gillespie,131
1625,Hall,498
1626,Cole,986
1627,Downs,242
1628,Cruz,139
1629,Buck,060
1630,Hall,862
1631,English,911
1632,Ford,587
1633,Graham,187
1634,Livingston,468
1635,Sutton,160
1636,Pacheco,096
1637,Lucas,029
1638,Williams,187
1639,Moore,352
1640,Gamble,825
1641,Davis,683
1642,Brown,580
1643,Walker,521
1644,Scott,104
1645,King,175
1646,Clark,637
1647,Hudson,599
1648,Rodriguez,122
1649,Adams,767
1650,Wolf,974
1651,Thomas,283
1652,Walker,023
1653,Sullivan,184
1654,Hull,838
1655,Ball,Uni
1656,Oliver,041
1657,Fisher,401
1658,Rogers,030
1659,Harris,203
1660,Warren,USS
1661,Campbell,Uni
1662,Sampson,567
1663,Pugh,PSC
1664,Aguilar,429
1665,Crawford,965
1666,Andersen,488
1667,Miller,602
1668,Smith,414
1669,Jones,265
1670,Torres,215
1671,Dominguez,326
1672,Mahoney,847
1673,Green,PSC
1674,Newman,PSC
1675,Patrick,949
1676,Mclean,461
1677,Washington,574
1678,Cook,552
1679,Campbell,USN
1680,Moran,291
1681,Nunez,515
1682,Watson,109
1683,Bender,PSC
1684,Manning,875
1685,Chang,778
1686,Sandoval,518
1687,Li,513
1688,Jones,251
1689,Watts,Uni
1690,Trevino,728
1691,Kane,881
1692,Barnett,914
1693,Young,USN
1694,Aguirre,633
1695,Myers,828
1696,Woods,963
1697,Taylor,299
1698,Wilkerson,289
1699,Cardenas,386
1700,Richardson,654
1701,Jackson,456
1702,Ramirez,081
1703,Lewis,042
1704,Gomez,PSC
1705,Long,341
1706,Young,642
1707,Wilson,335
1708,Tran,913
1709,Smith,399
1710,Kim,PSC
1711,Sanchez,580
1712,Perez,221
1713,Lloyd,410
1714,Hall,758
1715,Walsh,095
1716,Stokes,828
1717,White,984
1718,Moore,400
1719,Green,284
1720,Conner,815
1721,Taylor,662
1722,Walker,USN
1723,Clark,874
1724,Mckenzie,430
1725,Williams,318
1726,Patterson,USC
1727,Fuentes,296
1728,Schneider,387
1729,Mason,143
1730,Ramirez,180
1731,Hall,437
1732,Preston,196
1733,Durham,482
1734,Weeks,886
1735,Williams,756
1736,Miller,438
1737,Shea,306
1738,Rodriguez,496
1739,Brewer,Uni
1740,English,714
1741,Banks,429
1742,Smith,291
1743,Rivers,382
1744,Howard,703
1745,Waters,410
1746,Moore,956
1747,Wheeler,982
1748,Johnson,199
1749,Drake,198
1750,Flynn,242
1751,Roth,026
1752,Ross,964
1753,Bailey,060
1754,Gordon,928
1755,Ramos,208
1756,Jones,416
1757,Washington,080
1758,Yoder,294
1759,Richardson,825
1760,Goodman,516
1761,Smith,109
1762,Price,756
1763,Gomez,882
1764,Johnson,319
1765,Johnston,628
1766,Morales,143
1767,Smith,423
1768,Garcia,200
1769,Hood,505
1770,Logan,218
1771,Anderson,723
1772,Wood,153
1773,Taylor,PSC
1774,Edwards,441
1775,Palmer,337
1776,Lloyd,736
1777,Burke,USC
1778,Curry,197
1779,Watson,PSC
1780,Ferguson,246
1781,Hammond,778
1782,Rice,407
1783,Greer,798
1784,Carpenter,736
1785,Dean,366
1786,Yang,919
1787,Wilson,726
1788,Wood,744
1789,Smith,PSC
1790,Jones,064
1791,Alvarado,003
1792,Butler,440
1793,Brown,995
1794,Peters,955
1795,Malone,568
1796,West,982
1797,Roberts,239
1798,Hart,459
1799,Mcdonald,116
1800,Hart,068
1801,Kent,759
1802,Gordon,350
1803,Aguilar,Uni
1804,Reynolds,264
1805,Kirk,891
1806,Simmons,374
1807,Rodriguez,764
1808,White,957
1809,Meyer,992
1810,Williams,867
1811,Dunlap,538
1812,Moore,111
1813,Rhodes,981
1814,Carter,733
1815,Hood,179
1816,Dorsey,254
1817,Romero,088
1818,Rodriguez,635
1819,Rodriguez,215
1820,Bradley,151
1821,Stone,250
1822,Murphy,212
1823,Garcia,257
1824,Jones,PSC
1825,Smith,265
1826,Steele,482
1827,Ashley,USN
1828,Hanna,858
1829,Hobbs,925
1830,Little,237
1831,Holmes,589
1832,Rice,005
1833,Mills,354
1834,Herman,754
1835,Delacruz,201
1836,Higgins,048
1837,Collier,157
1838,Lindsey,032
1839,Matthews,462
1840,King,541
1841,Caldwell,330
1842,Gonzalez,488
1843,Mccarty,668
1844,Melendez,304
1845,Larson,646
1846,Morgan,679
1847,Lynch,130
1848,Padilla,USN
1849,Daniels,268
1850,Cunningham,583
1851,Chaney,446
1852,Miller,378
1853,Thompson,533
1854,Smith,438
1855,Payne,067
1856,Jackson,028
1857,Wilson,080
1858,Ellis,558
1859,Garcia,891
1860,Martin,236
1861,Thompson,614
1862,Ochoa,341
1863,Castaneda,413
1864,Cruz,095
1865,Cruz,240
1866,Ramirez,667
1867,Wright,793
1868,Sweeney,847
1869,Contreras,016
1870,Flores,188
1871,Mills,749
1872,Taylor,673
1873,Roach,761
1874,Peterson,531
1875,Cortez,933
1876,Webb,855
1877,Martinez,Uni
1878,Harvey,469
1879,Garcia,364
1880,Jackson,991
1881,Brown,083
1882,Morrison,746
1883,Brown,743
1884,Hayes,999
1885,Mitchell,418
1886,Jones,817
1887,Hall,439
1888,Kennedy,672
1889,Foster,259
1890,Pierce,454
1891,Bell,612
1892,Thornton,PSC
1893,Ferguson,468
1894,Oliver,333
1895,Tran,964
1896,Mcdonald,085
1897,Sullivan,185
1898,Curtis,758
1899,Cowan,136
1900,Thompson,835
1901,Ellis,954
1902,Le,379
1903,Oneill,617
1904,Cole,395
1905,Edwards,579
1906,Reed,187
1907,Lewis,795
1908,Bradshaw,812
1909,Hodge,729
1910,Olsen,994
1911,Mcdonald,542
1912,Adams,031
1913,Price,015
1914,Gallegos,729
1915,Rollins,432
1916,Cook,220
1917,Phillips,686
1918,Carey,580
1919,Johnson,332
1920,Kim,PSC
1921,Gonzalez,287
1922,Hines,010
1923,Parker,241
1924,Weaver,317
1925,Rodriguez,492
1926,Watkins,223
1927,Shields,PSC
1928,Jackson,729
1929,Rivera,070
1930,Evans,927
1931,Porter,823
1932,Gilbert,PSC
1933,Hill,078
1934,Elliott,PSC
1935,Warner,USN
1936,Dalton,521
1937,Walker,589
1938,Davis,871
1939,Patel,731
1940,Henry,836
1941,Fisher,149
1942,Smith,336
1943,Baker,892
1944,Smith,756
1945,Brown,098
1946,Stark,152
1947,Jones,745
1948,Robinson,818
1949,Allen,147
1950,Keller,157
1951,Sherman,091
1952,Neal,111
1953,Mathews,901
1954,Fleming,569
1955,Montes,304
1956,Huang,859
1957,Butler,528
1958,Price,615
1959,Wang,739
1960,Potter,734
1961,Hayes,086
1962,Wilson,461
1963,Perkins,651
1964,Powers,065
1965,Davidson,718
1966,Foster,764
1967,Archer,847
1968,Ritter,USN
1969,Brown,919
1970,Cantrell,783
1971,Owens,452
1972,Reyes,105
1973,Allen,984
1974,Garza,371
1975,Scott,232
1976,Frey,841
1977,Bennett,009
1978,Moore,USC
1979,Williams,585
1980,Coffey,221
1981,Medina,358
1982,Franklin,664
1983,Shea,991
1984,Schmidt,479
1985,Merritt,874
1986,Ochoa,632
1987,Casey,523
1988,Horton,965
1989,Vasquez,545
1990,Cantu,314
1991,Allen,370
1992,Weaver,473
1993,Robinson,504
1994,Rodriguez,983
1995,Mcmillan,967
1996,Rogers,Uni
1997,Pennington,511
1998,Downs,206
1999,Combs,363
2000,Walker,Uni
2001,Jones,PSC
2002,Nguyen,477
2003,Johnson,816
2004,Joseph,184
2005,Burton,104
2006,Kirby,284
2007,Scott,PSC
2008,Jackson,569
2009,Johnson,103
2010,Long,292
2011,Mata,823
2012,Palmer,137
2013,Simon,179
2014,Hess,669
2015,Mosley,310
2016,Walker,757
2017,Haley,590
2018,Johnson,804
2019,Young,770
2020,Taylor,138
2021,Taylor,755
2022,Johnson,678
2023,Ortiz,774
2024,Holder,325
2025,Martin,417
2026,Stewart,145
2027,Reyes,249
2028,Ray,260
2029,Sanchez,268
2030,Hutchinson,870
2031,Jones,198
2032,Schultz,988
2033,Green,299
2034,Williams,485
2035,Bowers,046
2036,Sandoval,921
2037,Briggs,280
2038,Montoya,330
2039,Hoffman,089
2040,Reese,657
2041,Patrick,507
2042,Flores,884
2043,Brooks,913
2044,Harris,340
2045,Burns,191
2046,Heath,927
2047,Cox,500
2048,Peck,050
2049,Ellis,144
2050,Barker,171
2051,Fuller,568
2052,Morgan,509
2053,Klein,779
2054,Thompson,779
2055,Wells,317
2056,Bray,561
2057,Cantu,838
2058,Howell,USN
2059,Scott,197
2060,Brown,214
2061,Gonzalez,076
2062,Pearson,804
2063,Kennedy,958
2064,Ramos,332
2065,Haynes,705
2066,Cunningham,519
2067,Thompson,112
2068,Garcia,114
2069,Park,831
2070,Schneider,072
2071,Fitzpatrick,388
2072,Crawford,291
2073,Jones,865
2074,Petty,814
2075,Brock,583
2076,Romero,080
2077,Mays,242
2078,Ayala,294
2079,Jones,941
2080,Reyes,570
2081,Perez,PSC
2082,Ferguson,418
2083,Cortez,841
2084,Hayden,510
2085,Hogan,966
2086,Parker,357
2087,Miller,310
2088,Owens,USN
2089,Davis,995
2090,Hoover,996
2091,Bryant,062
2092,Boone,237
2093,Cox,572
2094,Wilkerson,USN
2095,Santiago,075
2096,Gregory,311
2097,Valentine,727
2098,Morales,391
2099,Wallace,807
2100,Jackson,603
2101,May,011
2102,Duran,503
2103,Best,Uni
2104,Cameron,893
2105,Cox,755
2106,Ortiz,277
2107,Cervantes,Uni
2108,Harris,335
2109,Warren,398
2110,West,852
2111,Quinn,444
2112,Hill,307
2113,Peterson,078
2114,Perez,252
2115,White,190
2116,Smith,747
2117,Lynch,932
2118,Thompson,063
2119,Bailey,529
2120,Hughes,975
2121,Martin,054
2122,Wilson,286
2123,Ross,269
2124,Carter,137
2125,Reed,PSC
2126,Huerta,536
2127,Kelley,906
2128,Walker,751
2129,Garcia,464
2130,Jordan,959
2131,Gonzales,793
2132,Hill,074
2133,Johnston,198
2134,Johnston,223
2135,Bautista,013
2136,Reese,552
2137,Stewart,043
2138,Hughes,276
2139,Stone,651
2140,Murphy,096
2141,Mayer,262
2142,Campbell,358
2143,Glenn,213
2144,Smith,192
2145,Kelly,722
2146,Nolan,224
2147,Munoz,934
2148,Bowers,440
2149,Howard,359
2150,Burton,531
2151,Luna,168
2152,Smith,695
2153,Hicks,145
2154,Morris,PSC
2155,Perkins,574
2156,Carter,PSC
2157,Martin,919
2158,Daniels,524
2159,Bray,850
2160,Booker,297
2161,Khan,USN
2162,Ellis,788
2163,Merritt,513
2164,Martin,380
2165,Williams,600
2166,Nunez,237
2167,Huynh,PSC
2168,Hogan,581
2169,Anderson,600
2170,Mckinney,266
2171,Maxwell,136
2172,Landry,836
2173,Davis,099
2174,Gordon,492
2175,Johnson,856
2176,Fox,068
2177,Shannon,291
2178,Berry,148
2179,Jordan,USN
2180,Sweeney,002
2181,Gonzalez,534
2182,Castaneda,545
2183,Evans,360
2184,Thornton,471
2185,Johnson,735
2186,Hughes,166
2187,Rivera,860
2188,Richardson,458
2189,Hill,USN
2190,Dennis,661
2191,Wright,363
2192,Cobb,962
2193,Brown,999
2194,Hill,386
2195,Taylor,662
2196,Brown,839
2197,Trevino,746
2198,Collins,684
2199,Sanchez,097
2200,Friedman,667
2201,Alexander,862
2202,Cooper,210
2203,Ward,250
2204,Mendez,471
2205,Ortiz,252
2206,Bowen,158
2207,Wilson,117
2208,Peters,Uni
2209,Moore,828
2210,Hicks,987
2211,Wang,521
2212,Robertson,008
2213,Irwin,293
2214,Webb,293
2215,West,080
2216,Hopkins,794
2217,Berry,PSC
2218,Mercer,205
2219,Rice,580
2220,Lara,953
2221,Thompson,164
2222,Warner,088
2223,Bates,188
2224,Smith,824
2225,Arnold,166
2226,Russell,121
2227,Pennington,650
2228,Smith,494
2229,Perry,577
2230,Jenkins,865
2231,Jacobson,USS
2232,Hampton,Uni
2233,Dodson,267
2234,Moore,887
2235,Bonilla,253
2236,Murray,275
2237,Lindsey,942
2238,Davis,465
2239,Parks,866
2240,Houston,677
2241,Fischer,247
2242,Diaz,782
2243,Wheeler,209
2244,Garcia,643
2245,Garcia,044
2246,Barajas,807
2247,Griffith,426
2248,Benson,119
2249,Griffin,905
2250,Noble,102
2251,Cummings,091
2252,Gonzalez,258
2253,Smith,615
2254,Booker,853
2255,Garner,335
2256,Booth,211
2257,Copeland,918
2258,Burton,593
2259,Clark,054
2260,Hale,640
2261,Melton,Uni
2262,Ramos,216
2263,Mayer,935
2264,Thompson,694
2265,Morales,069
2266,Marsh,344
2267,Charles,637
2268,Martinez,049
2269,Church,524
2270,Ho,998
2271,Fleming,764
2272,Hoffman,577
2273,Sanders,Uni
2274,Bauer,603
2275,Rivera,330
2276,Lee,PSC
2277,Bonilla,984
2278,Raymond,849
2279,Cole,410
2280,Larsen,976
2281,Salazar,068
2282,Hill,PSC
2283,Molina,USC
2284,Perez,938
2285,Oconnor,355
2286,Singh,461
2287,Luna,056
2288,Jacobson,728
2289,Love,812
2290,Fletcher,603
2291,Mcdowell,969
2292,Stanley,160
2293,Rice,021
2294,Bell,633
2295,Brown,Uni
2296,Schmidt,952
2297,Sims,570
2298,Stone,404
2299,Craig,USN
2300,Warner,345
2301,Garcia,081
2302,Duarte,643
2303,Reeves,147
2304,Zhang,230
2305,Jimenez,915
2306,Price,162
2307,Medina,361
2308,Garrett,602
2309,Mendez,502
2310,Smith,450
2311,Mendoza,962
2312,Bentley,994
2313,Shaw,USN
2314,White,761
2315,Price,PSC
2316,King,001
2317,Burton,668
2318,Morris,584
2319,Bailey,906
2320,Erickson,646
2321,Walters,USC
2322,Levy,905
2323,Palmer,038
2324,Wright,687
2325,Williams,600
2326,Warner,640
2327,Tucker,356
2328,White,323
2329,Cross,601
2330,Velez,122
2331,Banks,555
2332,Savage,Uni
2333,Perez,889
2334,Harmon,805
2335,Bryant,USS
2336,Randall,941
2337,Newton,833
2338,Chandler,619
2339,Dyer,268
2340,Davies,371
2341,Scott,913
2342,Gonzalez,922
2343,Gutierrez,395
2344,Carter,491
2345,Dixon,393
2346,Oneill,914
2347,Roth,741
2348,Williams,300
2349,Martinez,941
2350,Woods,811
2351,Douglas,512
2352,Burns,430
2353,Blankenship,507
2354,Grimes,624
2355,Thompson,261
2356,Walker,278
2357,Ruiz,852
2358,Watts,071
2359,Fowler,635
2360,Moore,445
2361,Carlson,USS
2362,Mooney,687
2363,Robinson,101
2364,Mayer,152
2365,Hale,334
2366,Smith,606
2367,Garcia,436
2368,Ayala,743
2369,Pham,582
2370,Gonzalez,858
2371,Hopkins,153
2372,Miller,035
2373,Henderson,961
2374,Gentry,353
2375,Rodriguez,079
2376,Smith,665
2377,Wilson,PSC
2378,Kaufman,344
2379,Richards,447
2380,Crawford,919
2381,Sanchez,997
2382,Lee,251
2383,Richards,USN
2384,Lopez,072
2385,Beltran,PSC
2386,Chavez,176
2387,Jackson,308
2388,Stafford,729
2389,Sawyer,317
2390,Sanchez,161
2391,Fields,USN
2392,Shepherd,187
2393,Cunningham,023
2394,Banks,723
2395,Mason,Uni
2396,Thomas,483
2397,Davis,576
2398,Walker,657
2399,Johnson,529
2400,Alvarez,092
2401,Green,298
2402,Green,USS
2403,Smith,373
2404,White,488
2405,Hall,746
2406,Murphy,738
2407,Fischer,458
2408,Baker,723
2409,Fritz,815
2410,Sullivan,651
2411,Gonzalez,540
2412,Singh,047
2413,Williams,775
2414,Hernandez,199
2415,Silva,620
2416,Daniels,Uni
2417,Beard,113
2418,Schwartz,123
2419,Chen,Uni
2420,Miller,057
2421,Martin,379
2422,Smith,236
2423,Mendoza,176
2424,Allen,791
2425,Gray,405
2426,Fields,456
2427,Cook,022
2428,Sullivan,862
2429,Jones,435
2430,Johnson,USC
2431,Lawrence,907
2432,Jackson,692
2433,Johnston,527
2434,Lee,644
2435,Figueroa,838
2436,Smith,USC
2437,Peterson,331
2438,Hale,716
2439,Little,447
2440,Newton,152
2441,Freeman,610
2442,Shaw,PSC
2443,Spencer,038
2444,Tucker,299
2445,Cook,745
2446,Taylor,159
2447,Gallegos,217
2448,Brewer,946
2449,Hancock,745
2450,Marks,250
2451,Thomas,733
2452,Hamilton,912
2453,Hunter,947
2454,Torres,979
2455,Murray,292
2456,Jacobs,419
2457,Mcclure,420
2458,Roberts,108
2459,Brown,291
2460,Nguyen,USN
2461,Evans,589
2462,Jimenez,657
2463,Espinoza,608
2464,Holland,985
2465,Schmidt,USN
2466,Harper,680
2467,Burke,358
2468,Washington,804
2469,Carter,USC
2470,Bell,102
2471,Perez,312
2472,Morris,028
2473,Obrien,156
2474,Jackson,951
2475,Martinez,967
2476,Greer,825
2477,Cohen,062
2478,Bell,454
2479,Martin,046
2480,Smith,611
2481,Newman,754
2482,Bailey,087
2483,Cabrera,321
2484,Mclaughlin,359
2485,Whitney,805
2486,Reynolds,080
2487,Miles,111
2488,Nelson,522
2489,Ballard,054
2490,Anderson,504
2491,Carlson,567
2492,Miller,922
2493,Perez,853
2494,Manning,274
2495,Gonzalez,274
2496,Mack,704
2497,Strickland,813
2498,Johnson,113
2499,Fox,631
2500,Brown,875
2501,Little,729
2502,Colon,468
2503,Ferrell,USS
2504,Garrett,866
2505,Mercer,USN
2506,Horne,109
2507,Douglas,989
2508,Ryan,238
2509,Lyons,711
2510,Ray,089
2511,Mendoza,697
2512,Fleming,425
2513,Mccarthy,078
2514,Fleming,712
2515,Simpson,109
2516,Cannon,Uni
2517,Davis,321
2518,Cohen,671
2519,Villarreal,737
2520,Williams,114
2521,Brewer,331
2522,Harrington,946
2523,Thompson,853
2524,Williams,765
2525,Lopez,155
2526,Ray,565
2527,Turner,645
2528,Park,657
2529,Barrera,273
2530,Murray,895
2531,Smith,033
2532,Newman,709
2533,Smith,242
2534,Johnson,646
2535,Garcia,693
2536,Gibson,Uni
2537,Roman,565
2538,Braun,465
2539,French,679
2540,Travis,174
2541,Cunningham,561
2542,Hess,294
2543,Holloway,PSC
2544,Vega,639
2545,Phillips,581
2546,Anderson,Uni
2547,Snyder,004
2548,Stevens,PSC
2549,Smith,542
2550,Espinoza,PSC
2551,Santiago,615
2552,Allen,305
2553,Carney,644
2554,Taylor,902
2555,Patel,688
2556,Crawford,PSC
2557,Villa,USN
2558,Mayer,515
2559,Brock,582
2560,Watts,879
2561,Castillo,544
2562,Sutton,358
2563,Thompson,USN
2564,Davis,866
2565,Nelson,891
2566,Figueroa,359
2567,Snyder,280
2568,Fisher,287
2569,Powers,904
2570,Rodriguez,768
2571,Johnson,866
2572,Butler,102
2573,Bishop,901
2574,Poole,057
2575,Munoz,479
2576,Nelson,395
2577,Church,974
2578,Marquez,115
2579,Martin,477
2580,Mckinney,240
2581,Richardson,682
2582,Mitchell,420
2583,Caldwell,627
2584,Bennett,964
2585,Tapia,750
2586,Thompson,523
2587,Ryan,332
2588,Paul,097
2589,Johnson,662
2590,Orozco,088
2591,Warren,417
2592,King,482
2593,Carney,637
2594,Johnson,140
2595,Potter,629
2596,Craig,476
2597,Clark,USS
2598,Rush,289
2599,Warner,205
2600,Osborne,165
2601,Guzman,585
2602,Martinez,Uni
2603,Bryan,297
2604,Silva,749
2605,Knight,603
2606,Ross,575
2607,Dennis,548
2608,Holt,763
2609,Martin,292
2610,Hall,988
2611,Lewis,355
2612,Gates,465
2613,Knight,617
2614,Garcia,892
2615,Crane,686
2616,Fernandez,829
2617,Williams,498
2618,Green,064
2619,Wolf,073
2620,Rodriguez,226
2621,Lara,905
2622,Beltran,885
2623,James,USN
2624,Barnett,807
2625,Berry,120
2626,Ferguson,218
2627,Woods,163
2628,Lopez,704
2629,Johnson,918
2630,Snyder,899
2631,Miller,359
2632,Shaffer,015
2633,Morgan,950
2634,Lee,816
2635,Alexander,561
2636,Nelson,268
2637,Ball,489
2638,Sanchez,021
2639,Baker,452
2640,Barron,050
2641,Miller,329
2642,Edwards,937
2643,Dawson,607
2644,Daniels,003
2645,Jones,313
2646,Waller,043
2647,Todd,265
2648,Howard,877
2649,Schultz,056
2650,Thomas,186
2651,Johnson,689
2652,Dean,631
2653,Grant,728
2654,Ellison,798
2655,Reeves,184
2656,Allen,467
2657,Alexander,592
2658,George,729
2659,Johnson,935
2660,Keller,789
2661,Marshall,636
2662,Warren,797
2663,Brennan,347
2664,Dunlap,475
2665,Gonzalez,447
2666,Moreno,786
2667,Harvey,687
2668,Salas,776
2669,Johnson,250
2670,Gomez,221
2671,Crosby,595
2672,Bell,827
2673,Davis,329
2674,Smith,548
2675,Edwards,663
2676,West,186
2677,Freeman,426
2678,Green,540
2679,Mckenzie,335
2680,Alvarez,273
2681,Jones,726
2682,Green,689
2683,Oconnor,901
2684,Hart,Uni
2685,Kramer,901
2686,Porter,878
2687,Bonilla,535
2688,Moore,873
2689,Wu,605
2690,Morris,608
2691,Lynch,830
2692,Cohen,957
2693,Harris,367
2694,Hill,897
2695,Edwards,673
2696,Harding,351
2697,Rice,894
2698,Baldwin,993
2699,Ballard,579
2700,Meadows,539
2701,Sutton,002
2702,Yates,714
2703,Smith,PSC
2704,Nunez,027
2705,Brooks,Uni
2706,Morales,070
2707,Ortiz,084
2708,Clayton,665
2709,Stephens,685
2710,Nunez,934
2711,Gutierrez,Uni
2712,Moore,295
2713,Ramirez,594
2714,Mccoy,414
2715,Rivera,051
2716,Morales,901
2717,Lester,348
2718,Adams,398
2719,Brooks,260
2720,Johnson,USC
2721,Conley,373
2722,Jordan,791
2723,White,880
2724,Conley,PSC
2725,Smith,859
2726,Rodriguez,287
2727,Williams,USN
2728,Cantu,803
2729,Moore,979
2730,Estrada,847
2731,Schultz,344
2732,Singh,Uni
2733,Burton,658
2734,Thomas,USN
2735,Wilson,190
2736,Barry,417
2737,Clark,420
2738,Patel,429
2739,Brock,421
2740,Sanchez,429
2741,Sherman,332
2742,Bauer,335
2743,Barry,119
2744,Young,763
2745,Allen,983
2746,Sullivan,Uni
2747,Pittman,002
2748,Greer,282
2749,Rogers,238
2750,Hubbard,852
2751,Bennett,556
2752,Guzman,556
2753,Kennedy,PSC
2754,Bentley,794
2755,Harris,447
2756,Ramos,778
2757,Collier,626
2758,Edwards,USC
2759,Taylor,274
2760,Anderson,348
2761,Morales,430
2762,Roberts,736
2763,Morton,123
2764,Hernandez,059
2765,Hernandez,703
2766,Cook,PSC
2767,Parker,957
2768,Hoover,969
2769,Harper,631
2770,Barnes,Uni
2771,Love,319
2772,Tyler,858
2773,Bautista,464
2774,Moore,416
2775,Phillips,722
2776,Green,532
2777,Moore,287
2778,Jones,331
2779,Vaughn,283
2780,Lewis,906
2781,Sims,120
2782,Davis,166
2783,Glover,618
2784,Bentley,121
2785,Gregory,138
2786,Vaughan,104
2787,Garner,356
2788,Calderon,855
2789,Kirby,364
2790,Padilla,794
2791,Smith,199
2792,Shannon,437
2793,Gomez,507
2794,Foster,801
2795,Walters,971
2796,Richards,043
2797,Brown,205
2798,Weber,086
2799,Snyder,636
2800,Park,448
2801,Franklin,344
2802,Thornton,054
2803,Austin,800
2804,Tran,024
2805,Bentley,871
2806,Graham,531
2807,Mcfarland,683
2808,Novak,969
2809,Dean,842
2810,Terry,728
2811,Jones,828
2812,Mitchell,633
2813,Carter,611
2814,Walker,061
2815,Vazquez,346
2816,Alvarez,440
2817,Hamilton,690
2818,Powell,401
2819,Davis,364
2820,Morris,894
2821,Haynes,896
2822,Moore,665
2823,Duncan,304
2824,Ramos,206
2825,Brown,138
2826,Ryan,053
2827,Holden,509
2828,Wilson,Uni
2829,Chambers,751
2830,Ford,404
2831,White,USS
2832,Gray,738
2833,Silva,548
2834,Schmidt,958
2835,Elliott,519
2836,Ballard,895
2837,Jones,939
2838,Petersen,134
2839,Ramos,592
2840,Davidson,511
2841,Brown,162
2842,Dennis,573
2843,Brandt,798
2844,Snyder,462
2845,Ellis,372
2846,Green,809
2847,Herrera,605
2848,Garcia,475
2849,Hicks,509
2850,Martin,732
2851,Johnson,435
2852,Lewis,246
2853,Henderson,595
2854,Mcconnell,141
2855,Hernandez,778
2856,Robertson,478
2857,Haley,895
2858,Blackwell,046
2859,Jones,520
2860,Rios,871
2861,Martin,980
2862,Deleon,814
2863,Mcclain,965
2864,Norris,712
2865,Castro,352
2866,Buchanan,381
2867,Hutchinson,PSC
2868,Williams,240
2869,Frazier,916
2870,Arias,206
2871,Lawson,519
2872,Deleon,776
2873,Yates,Uni
2874,Harrison,664
2875,Hawkins,768
2876,Anthony,298
2877,Johnson,810
2878,Martin,684
2879,Yates,539
2880,Ray,245
2881,Watson,460
2882,Carson,Uni
2883,Nicholson,252
2884,Rogers,738
2885,Williams,604
2886,Olson,769
2887,Roberts,915
2888,Russell,005
2889,Hurley,923
2890,Johnson,013
2891,Jones,128
2892,Decker,295
2893,Walls,435
2894,Reed,132
2895,Grant,121
2896,Young,551
2897,Gibson,700
2898,White,016
2899,Diaz,513
2900,George,216
2901,Pham,665
2902,Phillips,998
2903,Sanchez,530
2904,Gonzales,207
2905,Howard,039
2906,Eaton,607
2907,Lyons,202
2908,Bell,311
2909,Gonzalez,027
2910,Turner,749
2911,Lutz,131
2912,Hobbs,799
2913,Lara,082
2914,Phillips,431
2915,Maddox,649
2916,Mooney,136
2917,Hart,675
2918,Rose,961
2919,Proctor,274
2920,Fields,603
2921,Holder,465
2922,Martinez,169
2923,Levine,251
2924,Hanna,524
2925,Whitney,975
2926,Collins,960
2927,Hunt,517
2928,Smith,626
2929,Jones,933
2930,Sanchez,199
2931,Frye,489
2932,Banks,976
2933,Dennis,888
2934,Gregory,271
2935,Villarreal,303
2936,Davis,531
2937,Collins,734
2938,Perez,450
2939,Mitchell,907
2940,Padilla,957
2941,Johnson,986
2942,Hayes,537
2943,Rodriguez,582
2944,Lee,176
2945,Mitchell,717
2946,Thompson,891
2947,Long,775
2948,Davis,394
2949,Fields,630
2950,Harrington,312
2951,Bowman,710
2952,Conner,164
2953,Cannon,500
2954,Lawrence,631
2955,Gomez,567
2956,Henson,339
2957,Marshall,124
2958,Caldwell,102
2959,Martinez,009
2960,Kelly,150
2961,Morton,932
2962,Benton,392
2963,Hayes,937
2964,Everett,483
2965,Navarro,777
2966,Ross,511
2967,Joseph,618
2968,Nguyen,696
2969,White,762
2970,Gonzalez,629
2971,Sanford,285
2972,Farley,PSC
2973,Nelson,180
2974,Roth,299
2975,Holder,643
2976,Baldwin,615
2977,Morrow,337
2978,Willis,902
2979,Burgess,028
2980,Kent,206
2981,Jenkins,991
2982,Gutierrez,546
2983,Gross,565
2984,Rice,114
2985,Yates,940
2986,Edwards,615
2987,Mendez,107
2988,Smith,997
2989,Young,486
2990,Rogers,977
2991,Rios,543
2992,Rocha,853
2993,Sanchez,USC
2994,Little,955
2995,Jimenez,328
2996,Jackson,856
2997,Smith,PSC
2998,Lewis,199
2999,Johnston,140
3000,Wood,126
3001,Anderson,046
3002,Glenn,967
3003,Frazier,350
3004,Wade,531
3005,Rodgers,006
3006,Hall,552
3007,Dean,284
3008,Reyes,705
3009,Nichols,531
3010,Chen,801
3011,Bradley,147
3012,Bridges,282
3013,Parrish,036
3014,King,413
3015,Jenkins,PSC
3016,Soto,117
3017,Singh,829
3018,Khan,440
3019,Russell,946
3020,Shea,964
3021,Chapman,260
3022,Howell,486
3023,Diaz,PSC
3024,Ramirez,039
3025,Evans,488
3026,Steele,870
3027,Walker,924
3028,Wallace,539
3029,Smith,338
3030,Moore,077
3031,Rollins,840
3032,Quinn,759
3033,Sexton,698
3034,Clayton,294
3035,Jones,418
3036,Evans,294
3037,Henderson,794
3038,Morgan,174
3039,Harding,048
3040,Adams,653
3041,Clark,225
3042,Reese,503
3043,Davidson,588
3044,Fleming,624
3045,Pena,466
3046,Davidson,421
3047,Vega,056
3048,Jacobs,229
3049,Hudson,314
3050,Cole,298
3051,Mayer,734
3052,Stewart,USN
3053,Johnson,184
3054,Carter,015
3055,Simmons,707
3056,Gilbert,691
3057,Perez,227
3058,Holt,426
3059,Mcdowell,935
3060,Dunn,789
3061,Adams,707
3062,Weaver,928
3063,Ramirez,774
3064,Cochran,PSC
3065,Johnson,Uni
3066,Jones,625
3067,Ayala,996
3068,Shields,Uni
3069,Martin,253
3070,Mcgee,421
3071,Singleton,157
3072,Trevino,316
3073,Williams,951
3074,Taylor,449
3075,Brown,042
3076,Knight,468
3077,Griffin,498
3078,Patel,342
3079,Fleming,835
3080,Jones,412
3081,Harris,239
3082,Williams,379
3083,Reeves,579
3084,Martinez,541
3085,Hawkins,171
3086,Williams,833
3087,Gardner,472
3088,Powell,860
3089,Blanchard,USN
3090,Duffy,006
3091,Townsend,222
3092,Mathis,725
3093,Miller,796
3094,Elliott,619
3095,Burch,957
3096,Sheppard,498
3097,Snyder,648
3098,Brown,652
3099,Hodges,054
3100,Robinson,027
3101,Richards,Uni
3102,Ponce,222
3103,Harper,705
3104,Copeland,622
3105,Wells,PSC
3106,Goodman,971
3107,Livingston,571
3108,Thompson,557
3109,Garcia,679
3110,Harris,PSC
3111,Lopez,525
3112,Ferguson,761
3113,Morales,741
3114,Lewis,200
3115,Long,515
3116,Castro,885
3117,Riley,523
3118,Dudley,USS
3119,Bell,326
3120,Thompson,795
3121,Collins,233
3122,Perez,545
3123,Hester,206
3124,Pierce,461
3125,Wallace,216
3126,Evans,635
3127,Roberts,255
3128,Mccall,381
3129,Smith,273
3130,Shepherd,022
3131,Phelps,527
3132,Gibbs,674
3133,Prince,534
3134,Baker,Uni
3135,Rodriguez,179
3136,Butler,699
3137,Adams,370
3138,Humphrey,438
3139,Olson,PSC
3140,Russell,USS
3141,Moran,855
3142,Henry,978
3143,Wolf,943
3144,Rodriguez,939
3145,Castillo,USN
3146,Brown,933
3147,Rodriguez,USN
3148,Love,280
3149,Delgado,768
3150,Leonard,507
3151,Hoffman,199
3152,Brown,578
3153,Proctor,507
3154,Kirk,998
3155,Porter,748
3156,Jacobs,279
3157,Torres,305
3158,Gomez,632
3159,Pham,USS
3160,Lin,343
3161,Powers,647
3162,Carter,615
3163,Mcgee,119
3164,Martin,329
3165,Moore,Uni
3166,Espinoza,949
3167,Lewis,Uni
3168,Ross,725
3169,Shaw,999
3170,Flores,278
3171,Reed,PSC
3172,Frank,124
3173,Alexander,655
3174,Fitzgerald,235
3175,Davis,633
3176,Anderson,254
3177,Jacobs,Uni
3178,Green,021
3179,Figueroa,317
3180,Harris,558
3181,Martinez,038
3182,Snow,PSC
3183,Davis,129
3184,Russo,867
3185,Washington,863
3186,Klein,769
3187,Castaneda,601
3188,Crawford,182
3189,Taylor,258
3190,Hardy,615
3191,Hubbard,120
3192,Williams,957
3193,Rodriguez,193
3194,Brown,386
3195,Torres,PSC
3196,Johnson,913
3197,Rogers,601
3198,Woods,092
3199,Palmer,743
3200,Daniel,825
3201,Wall,183
3202,Chase,878
3203,Garza,598
3204,Glover,676
3205,Hudson,963
3206,Rodgers,047
3207,Hood,824
3208,Wilcox,049
3209,Dawson,517
3210,Ryan,085
3211,Harrison,USS
3212,Jarvis,531
3213,Brooks,523
3214,Daniel,398
3215,Hanson,332
3216,Alvarez,835
3217,Guerrero,221
3218,Riley,061
3219,Navarro,452
3220,Kidd,766
3221,Parker,033
3222,Payne,046
3223,Barton,125
3224,Simmons,114
3225,Williamson,389
3226,Woods,Uni
3227,Wilson,782
3228,Diaz,431
3229,Acevedo,101
3230,Roman,508
3231,Hill,671
3232,Herrera,865
3233,Woods,206
3234,Freeman,337
3235,Lewis,552
3236,Sanchez,138
3237,Jackson,Uni
3238,Morrison,944
3239,Carter,311
3240,Gillespie,188
3241,Green,254
3242,Rodriguez,234
3243,Thomas,756
3244,Lucas,319
3245,Hunt,679
3246,Diaz,PSC
3247,Moore,576
3248,Mcgrath,681
3249,Austin,384
3250,Campbell,296
3251,Lee,298
3252,Rodriguez,149
3253,Conway,258
3254,Morrow,Uni
3255,Molina,PSC
3256,Johnson,267
3257,Patterson,347
3258,Sims,151
3259,Beltran,070
3260,Williamson,825
3261,Martin,865
3262,Doyle,371
3263,Smith,195
3264,Cortez,677
3265,Norris,625
3266,Brown,994
3267,Bowman,471
3268,Drake,204
3269,Reyes,763
3270,Butler,083
3271,Ball,494
3272,Oconnell,256
3273,Turner,334
3274,Holmes,064
3275,Carter,482
3276,Cross,986
3277,Mcdonald,181
3278,Robinson,942
3279,Davis,PSC
3280,Beck,745
3281,Blackburn,278
3282,Pace,555
3283,Jones,642
3284,Wilson,049
3285,Miller,341
3286,Santos,020
3287,Randall,170
3288,White,137
3289,Warren,322
3290,Perez,197
3291,Roberts,210
3292,Rose,557
3293,Henderson,226
3294,Burke,738
3295,Gordon,955
3296,Davis,960
3297,Griffin,Uni
3298,Jones,283
3299,Carlson,495
3300,Moss,579
3301,Thompson,812
3302,Young,653
3303,Greer,717
3304,White,707
3305,Hutchinson,040
3306,Floyd,593
3307,Sanchez,740
3308,Johnson,681
3309,Martinez,602
3310,Lewis,535
3311,Smith,929
3312,Mccarthy,621
3313,Davis,USN
3314,Perry,USN
3315,Pena,269
3316,Peterson,527
3317,Duncan,402
3318,Martin,345
3319,Johnson,153
3320,Rivera,457
3321,Durham,624
3322,Nelson,502
3323,Mahoney,659
3324,Gardner,954
3325,Herrera,627
3326,Sellers,328
3327,Sanders,771
3328,Anthony,479
3329,Pearson,Uni
3330,Smith,PSC
3331,Dodson,867
3332,Dixon,226
3333,Shepherd,141
3334,Alvarez,PSC
3335,Morris,153
3336,Roberts,388
3337,Pitts,985
3338,Allen,775
3339,Wood,336
3340,Johnson,457
3341,Erickson,111
3342,Morgan,524
3343,Thompson,641
3344,Mason,USC
3345,Garcia,169
3346,Jones,078
3347,Nichols,380
3348,Wilkerson,550
3349,Gonzalez,524
3350,Chang,077
3351,Haynes,684
3352,Cooke,605
3353,Bates,226
3354,Leblanc,286
3355,Murphy,855
3356,Cain,826
3357,Parrish,210
3358,Garcia,830
3359,Martinez,529
3360,Weeks,931
3361,Salazar,124
3362,Jimenez,351
3363,Morris,474
3364,Price,076
3365,Cobb,593
3366,Gutierrez,956
3367,Hall,USS
3368,Jones,734
3369,Clark,586
3370,Jackson,881
3371,Hunter,615
3372,Sanchez,272
3373,Jones,978
3374,Allen,646
3375,Cunningham,701
3376,Mitchell,204
3377,Cox,USC
3378,Mcneil,198
3379,Callahan,974
3380,Gonzalez,180
3381,Smith,039
3382,Robinson,892
3383,Wall,839
3384,Jones,Uni
3385,Chan,004
3386,Glover,USN
3387,Parks,440
3388,Stewart,988
3389,Williams,279
3390,Crawford,213
3391,Fowler,601
3392,Frost,177
3393,Price,815
3394,Kirk,925
3395,Patel,144
3396,Murillo,861
3397,Santana,770
3398,Barnes,480
3399,Waters,884
3400,Chen,494
3401,Bolton,484
3402,Brown,PSC
3403,Cortez,158
3404,Bryant,447
3405,Davis,767
3406,Robinson,818
3407,Frank,920
3408,Hansen,800
3409,Ramirez,598
3410,Wood,499
3411,Martinez,643
3412,Kelly,264
3413,Webb,510
3414,Smith,674
3415,Webster,060
3416,Case,554
3417,Rubio,236
3418,Jones,460
3419,Nelson,803
3420,Ramirez,652
3421,Ewing,225
3422,Wright,605
3423,Martin,922
3424,Soto,Uni
3425,Simon,699
3426,Harrison,911
3427,Haynes,USS
3428,Blankenship,342
3429,Graves,299
3430,Rodriguez,PSC
3431,Hernandez,313
3432,Walker,263
3433,Fox,491
3434,Hunter,497
3435,Patterson,686
3436,Gonzalez,521
3437,Kemp,236
3438,Thomas,737
3439,Miller,182
3440,Stewart,723
3441,Bowen,Uni
3442,Boyd,197
3443,Bond,654
3444,Patterson,009
3445,Moore,821
3446,Jones,207
3447,Holmes,Uni
3448,Martin,933
3449,Williams,Uni
3450,Allen,366
3451,Green,986
3452,Atkinson,004
3453,Grant,PSC
3454,Lyons,954
3455,Good,Uni
3456,Horn,809
3457,Green,687
3458,Cox,577
3459,Frazier,894
3460,Savage,USC
3461,Rogers,712
3462,Yoder,118
3463,Underwood,899
3464,Potter,646
3465,Strickland,007
3466,Massey,270
3467,Miller,578
3468,Johnson,USN
3469,Vazquez,197
3470,Bell,605
3471,Palmer,213
3472,Morales,768
3473,Cortez,548
3474,Adams,649
3475,Bailey,242
3476,Armstrong,037
3477,Fowler,594
3478,Martin,092
3479,Christensen,034
3480,Orr,USC
3481,Francis,304
3482,Peterson,296
3483,Baker,304
3484,Mcbride,499
3485,Ortega,749
3486,Wilkinson,781
3487,Snyder,075
3488,Reynolds,704
3489,Lewis,435
3490,Adams,092
3491,Brown,690
3492,Martin,USC
3493,Anderson,099
3494,Strong,940
3495,Hampton,323
3496,King,386
3497,Mahoney,484
3498,Brewer,644
3499,Adams,951
3500,Freeman,296
3501,Rodgers,443
3502,Johnson,017
3503,Watts,976
3504,Warren,300
3505,Brown,674
3506,Vega,289
3507,Davis,290
3508,Pena,097
3509,Mueller,692
3510,West,910
3511,Macias,800
3512,Gordon,199
3513,Bush,USS
3514,Lawrence,157
3515,Dickson,USS
3516,Elliott,480
3517,Stevens,302
3518,Walsh,342
3519,Manning,646
3520,Dickson,546
3521,Smith,991
3522,Thomas,500
3523,Clark,083
3524,Davis,783
3525,Dalton,840
3526,Cook,PSC
3527,Grant,137
3528,Franklin,USS
3529,Sampson,856
3530,Mueller,340
3531,Hall,481
3532,Johnson,496
3533,Wells,Uni
3534,Davis,824
3535,James,095
3536,Walker,363
3537,Herrera,419
3538,Arnold,362
3539,Foster,550
3540,Bean,860
3541,Morrison,430
3542,Gonzalez,907
3543,Curtis,996
3544,White,176
3545,Hamilton,209
3546,Lane,917
3547,Evans,816
3548,Lee,803
3549,Jones,522
3550,Obrien,799
3551,Pruitt,356
3552,Cameron,607
3553,Foster,043
3554,Gonzalez,231
3555,Woods,771
3556,Cox,720
3557,Riley,363
3558,Leblanc,017
3559,Rangel,673
3560,Marquez,228
3561,Wade,067
3562,Boone,839
3563,Howard,620
3564,Hall,749
3565,Smith,374
3566,Young,931
3567,Anderson,638
3568,Garza,992
3569,Heath,681
3570,Garcia,508
3571,Swanson,522
3572,Davis,627
3573,Gonzales,540
3574,Newman,902
3575,Morgan,495
3576,Lewis,726
3577,Jones,USN
3578,Sosa,696
3579,Parrish,PSC
3580,Robinson,661
3581,Craig,938
3582,Edwards,933
3583,Gilbert,003
3584,Walker,230
3585,Watson,971
3586,Richardson,226
3587,Dean,PSC
3588,Santos,734
3589,Roberts,973
3590,Smith,305
3591,Gentry,USC
3592,Tapia,226
3593,Hodges,USN
3594,Smith,560
3595,Garcia,051
3596,Evans,012
3597,Collier,PSC
3598,Garcia,USN
3599,Holder,168
3600,Collins,332
3601,Hill,USN
3602,Thomas,076
3603,Lee,680
3604,Liu,170
3605,Marshall,380
3606,Johnson,776
3607,Ellis,701
3608,Castaneda,125
3609,Schmidt,155
3610,Huber,179
3611,Hernandez,701
3612,Krueger,316
3613,Campbell,870
3614,Donaldson,697
3615,Floyd,104
3616,Williams,428
3617,Levy,USN
3618,Moore,822
3619,Martin,106
3620,Walker,125
3621,Hanson,141
3622,Skinner,511
3623,Burke,058
3624,Wong,Uni
3625,Sanders,964
3626,Mahoney,880
3627,Schmidt,923
3628,Mendez,360
3629,Krause,100
3630,West,334
3631,Graham,210
3632,Smith,890
3633,Love,846
3634,Coleman,487
3635,Hernandez,677
3636,Kelly,757
3637,Thomas,732
3638,Reeves,166
3639,Rodriguez,808
3640,Brown,009
3641,Collier,129
3642,Beltran,106
3643,Mendez,PSC
3644,Phillips,598
3645,Stein,012
3646,Reid,300
3647,Fowler,061
3648,Holt,343
3649,Patel,998
3650,Hall,Uni
3651,Reeves,501
3652,Woods,101
3653,Anderson,890
3654,Smith,629
3655,Brooks,340
3656,Kent,363
3657,Williams,271
3658,Mclaughlin,821
3659,Davis,466
3660,Hill,290
3661,Long,294
3662,Moore,972
3663,Burton,423
3664,Goodman,802
3665,Hampton,354
3666,Bryant,295
3667,Richardson,823
3668,Chandler,890
3669,Glass,Uni
3670,Gilbert,874
3671,Clarke,895
3672,Contreras,081
3673,Lopez,014
3674,Johnson,710
3675,Freeman,601
3676,Goodwin,615
3677,Chapman,598
3678,Black,050
3679,Short,170
3680,Gonzalez,751
3681,Walker,293
3682,Gonzalez,114
3683,Griffin,811
3684,Morrow,453
3685,Peterson,578
3686,Santos,Uni
3687,Ewing,330
3688,Richardson,551
3689,Davis,683
3690,Ball,003
3691,Ortiz,233
3692,Thomas,147
3693,Christensen,270
3694,Vaughn,367
3695,Watts,175
3696,Grant,719
3697,Wilson,347
3698,Wilson,577
3699,Baker,162
3700,Nguyen,135
3701,Stein,402
3702,Hicks,Uni
3703,Casey,257
3704,Burns,279
3705,Boyd,857
3706,Pacheco,270
3707,Clements,Uni
3708,Wilson,361
3709,Jimenez,054
3710,Howell,359
3711,Torres,286
3712,Benjamin,PSC
3713,Rivera,228
3714,King,505
3715,Hanson,933
3716,Allen,650
3717,Campos,014
3718,Dickson,524
3719,Ayala,792
3720,Lynch,790
3721,Fisher,714
3722,Watson,649
3723,Lara,466
3724,Scott,821
3725,Henderson,473
3726,Gutierrez,295
3727,Craig,Uni
3728,Williams,117
3729,Knight,640
3730,Gibson,853
3731,Strickland,971
3732,Smith,207
3733,Thomas,396
3734,Spears,242
3735,Turner,442
3736,Smith,556
3737,Mitchell,620
3738,Johnson,822
3739,Donovan,065
3740,Williams,746
3741,Hall,529
3742,Dudley,017
3743,Martinez,045
3744,Osborn,469
3745,Johnson,636
3746,Wright,544
3747,Robinson,544
3748,Berry,459
3749,Daniels,813
3750,Walker,005
3751,Gonzalez,843
3752,Acevedo,668
3753,Jefferson,019
3754,Chen,801
3755,Austin,689
3756,Daniels,812
3757,Lee,356
3758,Mercer,382
3759,Cox,081
3760,Wilson,355
3761,Rice,360
3762,Ponce,220
3763,Price,735
3764,Wood,PSC
3765,Foster,914
3766,Howard,904
3767,Le,USN
3768,Mcpherson,166
3769,Acosta,676
3770,Hampton,950
3771,Perkins,878
3772,Barry,744
3773,Patton,890
3774,Morales,853
3775,Moody,309
3776,Cummings,500
3777,Gonzalez,371
3778,Hernandez,USS
3779,Costa,960
3780,Gutierrez,490
3781,Walker,777
3782,Acosta,943
3783,Hawkins,416
3784,Henderson,614
3785,Todd,806
3786,Martinez,308
3787,Baker,144
3788,Ortega,151
3789,Ellis,USN
3790,Beasley,PSC
3791,Miller,276
3792,Michael,095
3793,Shaffer,334
3794,Howard,411
3795,Garner,238
3796,Lopez,828
3797,Walker,162
3798,Hamilton,552
3799,Chapman,798
3800,Carrillo,829
3801,Caldwell,069
3802,Wells,111
3803,Hill,Uni
3804,Larsen,928
3805,Crawford,938
3806,Walker,533
3807,Rodriguez,432
3808,Barrera,748
3809,Hudson,PSC
3810,Lucero,PSC
3811,Young,815
3812,Jacobson,856
3813,Miles,210
3814,Hodges,Uni
3815,Stevens,908
3816,Carney,124
3817,Meyers,032
3818,Hanna,386
3819,Davies,538
3820,Grimes,392
3821,Todd,090
3822,Monroe,Uni
3823,Harris,289
3824,Williams,255
3825,Castaneda,385
3826,Mason,317
3827,Clark,833
3828,Palmer,503
3829,Everett,380
3830,Garner,974
3831,Powers,963
3832,Reynolds,142
3833,Carr,276
3834,Smith,882
3835,Williamson,767
3836,Phillips,615
3837,Mejia,916
3838,Smith,048
3839,Harris,931
3840,Monroe,964
3841,Mccormick,846
3842,Garcia,239
3843,Hodge,052
3844,Martinez,177
3845,Tapia,277
3846,Richardson,PSC
3847,Harris,771
3848,Chung,901
3849,Mullins,495
3850,Mathis,643
3851,Wallace,266
3852,Richardson,100
3853,Chaney,332
3854,Atkins,660
3855,Schneider,593
3856,Rowe,474
3857,Hart,799
3858,Martinez,742
3859,Cain,967
3860,Hall,206
3861,Leonard,356
3862,Sandoval,188
3863,Oconnor,512
3864,Martin,104
3865,Myers,876
3866,Clark,Uni
3867,Soto,USN
3868,Smith,501
3869,Jones,694
3870,Miller,071
3871,Jackson,117
3872,Wright,024
3873,Turner,449
3874,Proctor,604
3875,White,441
3876,Blake,Uni
3877,Frey,914
3878,Price,661
3879,Navarro,654
3880,Davis,805
3881,Daniels,616
3882,Carter,960
3883,Olson,748
3884,Lewis,USC
3885,Chapman,772
3886,Dennis,925
3887,Fisher,323
3888,Walsh,992
3889,Kelly,704
3890,Martinez,Uni
3891,Lane,Uni
3892,Hawkins,218
3893,Dalton,790
3894,Freeman,663
3895,Buckley,927
3896,Kirby,480
3897,Reed,788
3898,Johnson,143
3899,Brennan,513
3900,Vega,758
3901,Navarro,831
3902,Moore,615
3903,Wade,014
3904,Brown,691
3905,Evans,482
3906,Porter,042
3907,Paul,586
3908,Torres,768
3909,Dunn,665
3910,Watkins,196
3911,Payne,805
3912,Wilson,240
3913,White,242
3914,Graham,783
3915,Ryan,461
3916,Lopez,302
3917,Moore,077
3918,Lane,643
3919,Jackson,995
3920,Stevens,024
3921,Daniels,390
3922,Alvarez,761
3923,Grimes,272
3924,White,318
3925,Reynolds,USC
3926,Roberts,406
3927,Jones,062
3928,Wagner,394
3929,Fleming,099
3930,Gutierrez,485
3931,Jimenez,679
3932,Walker,819
3933,Rodriguez,814
3934,Hood,193
3935,Martinez,603
3936,Martinez,951
3937,Marks,088
3938,Silva,USS
3939,Hughes,669
3940,Orozco,372
3941,Roy,964
3942,Santos,939
3943,Wall,875
3944,Parks,220
3945,Schmidt,457
3946,Scott,667
3947,Manning,055
3948,Kim,940
3949,Collins,247
3950,Brown,USN
3951,Hernandez,150
3952,Palmer,260
3953,Mcintosh,405
3954,Mendez,266
3955,Thomas,PSC
3956,Harrison,034
3957,Willis,806
3958,Gates,159
3959,Blake,995
3960,Wright,702
3961,Mueller,990
3962,Blevins,986
3963,Holloway,228
3964,Hamilton,830
3965,Montgomery,529
3966,Johnson,128
3967,Castillo,375
3968,Vasquez,671
3969,Tucker,589
3970,Campbell,374
3971,Romero,598
3972,Koch,360
3973,Martin,337
3974,Morgan,828
3975,Day,814
3976,Miller,135
3977,Snyder,319
3978,Erickson,155
3979,Johnson,969
3980,Martin,Uni
3981,Jones,066
3982,Chan,474
3983,Taylor,823
3984,Lawson,923
3985,Terrell,182
3986,Beard,619
3987,Morales,322
3988,Johnson,554
3989,Estes,078
3990,Peters,459
3991,Spencer,USC
3992,Roberson,119
3993,Murray,080
3994,Coleman,PSC
3995,Myers,269
3996,Davis,153
3997,Reynolds,377
3998,Phillips,311
3999,Fisher,114
4000,Vaughan,802
4001,Price,562
4002,Wilson,803
4003,Fields,765
4004,Keller,900
4005,Nolan,Uni
4006,Wells,050
4007,Diaz,263
4008,House,304
4009,Lin,544
4010,Keller,452
4011,Garza,250
4012,Holland,133
4013,Sims,USC
4014,Downs,898
4015,Ruiz,436
4016,Phillips,614
4017,Sloan,222
4018,Weber,751
4019,Christensen,400
4020,Lewis,059
4021,Torres,711
4022,Massey,058
4023,Williams,777
4024,Hernandez,279
4025,Chan,588
4026,Cox,842
4027,Bennett,PSC
4028,Humphrey,321
4029,Adams,Uni
4030,White,932
4031,Rodriguez,994
4032,Lamb,265
4033,Holmes,867
4034,Stewart,039
4035,Daniels,868
4036,Obrien,USN
4037,Manning,399
4038,Stewart,Uni
4039,Gardner,PSC
4040,Patterson,022
4041,Tapia,911
4042,Oconnor,280
4043,Marks,292
4044,Wilson,466
4045,Moore,PSC
4046,Bell,286
4047,Lee,Uni
4048,Gregory,261
4049,Barnett,527
4050,Johnson,789
4051,Kelly,575
4052,Powell,779
4053,English,139
4054,Williams,Uni
4055,Hammond,Uni
4056,Olson,930
4057,Cole,397
4058,Vasquez,943
4059,Hernandez,831
4060,Young,958
4061,Flynn,779
4062,Myers,052
4063,Dyer,994
4064,Mccarty,944
4065,Villarreal,549
4066,King,371
4067,Harris,017
4068,Williams,156
4069,Baker,959
4070,Lyons,USS
4071,Bentley,Uni
4072,Finley,986
4073,Davis,USN
4074,Manning,363
4075,Carpenter,848
4076,Taylor,000
4077,Friedman,546
4078,Lucero,412
4079,Garza,441
4080,Rogers,929
4081,Gomez,331
4082,Maddox,617
4083,Strong,926
4084,Quinn,479
4085,Johnson,529
4086,Martin,022
4087,Whitaker,599
4088,Davis,083
4089,Winters,299
4090,Quinn,033
4091,Olson,813
4092,Rivera,712
4093,Malone,584
4094,Bates,483
4095,Hartman,532
4096,Wood,505
4097,Campbell,999
4098,Hanson,704
4099,Vang,313
4100,Andrade,710
4101,Moore,606
4102,Rose,687
4103,Duran,519
4104,Lee,PSC
4105,Keith,332
4106,Reynolds,281
4107,Fleming,930
4108,Carter,486
4109,Vasquez,277
4110,Vargas,352
4111,Mueller,210
4112,Haney,751
4113,Rice,Uni
4114,Daniels,677
4115,Acosta,629
4116,Boyd,436
4117,Ortiz,941
4118,Baker,291
4119,Evans,501
4120,Ward,683
4121,Davis,PSC
4122,Mclaughlin,893
4123,Howell,261
4124,Brown,USN
4125,Johnson,343
4126,Brown,842
4127,Rose,359
4128,Buchanan,903
4129,Carter,417
4130,Morgan,484
4131,Eaton,005
4132,Green,018
4133,Jones,080
4134,Ramos,331
4135,Franklin,178
4136,Wallace,934
4137,Mack,850
4138,Perry,921
4139,Wilson,434
4140,Hill,055
4141,Sanders,346
4142,Hardy,398
4143,Roberts,971
4144,Martin,934
4145,Moore,172
4146,Hoover,262
4147,Thompson,707
4148,Newman,842
4149,Johns,492
4150,Elliott,000
4151,Erickson,446
4152,Reed,985
4153,Ellis,275
4154,Wright,014
4155,Thompson,077
4156,Gilmore,Uni
4157,Case,694
4158,Moore,155
4159,Macias,474
4160,Cohen,686
4161,Reese,955
4162,Chase,994
4163,Finley,744
4164,Washington,035
4165,Jennings,USS
4166,Mayer,718
4167,Ewing,061
4168,Blackwell,051
4169,Scott,818
4170,Gonzalez,226
4171,Smith,361
4172,Brady,506
4173,Powers,197
4174,Lopez,Uni
4175,Robinson,372
4176,Hayes,709
4177,Poole,804
4178,Franklin,916
4179,Cole,569
4180,Brock,257
4181,Hogan,944
4182,Nixon,514
4183,Cook,298
4184,Baker,521
4185,Hays,971
4186,Smith,836
4187,Vance,811
4188,Abbott,642
4189,White,312
4190,Walker,496
4191,White,236
4192,Harmon,948
4193,Murphy,758
4194,Bowen,942
4195,Perez,593
4196,Holmes,302
4197,Flores,281
4198,Mills,410
4199,Garcia,196
4200,Fuller,741
4201,Smith,804
4202,Rocha,452
4203,Reyes,757
4204,Johnston,953
4205,Edwards,801
4206,Brown,537
4207,Hawkins,446
4208,Marshall,636
4209,Farrell,Uni
4210,Johnson,165
4211,Smith,597
4212,Brown,605
4213,Grimes,027
4214,Lopez,091
4215,Fernandez,653
4216,Stone,680
4217,Ramirez,767
4218,Norman,950
4219,Cortez,681
4220,Clark,648
4221,Smith,USN
4222,Hart,079
4223,Allen,242
4224,Larsen,701
4225,Ho,496
4226,Ward,823
4227,Aguirre,534
4228,Donaldson,243
4229,Conway,091
4230,Murphy,132
4231,Norton,054
4232,Merritt,664
4233,Rose,728
4234,Hall,234
4235,Marshall,715
4236,Rodriguez,436
4237,Knight,509
4238,Dunn,783
4239,Carter,561
4240,Peterson,704
4241,Davidson,397
4242,Wilkerson,767
4243,Moore,648
4244,Simpson,634
4245,Bentley,594
4246,Wilson,730
4247,Hart,065
4248,Miller,563
4249,Wood,220
4250,Fisher,USS
4251,Ross,017
4252,Ruiz,500
4253,Evans,436
4254,Morgan,437
4255,Hansen,752
4256,Watson,975
4257,Hernandez,775
4258,Rubio,646
4259,Hoover,541
4260,Hunter,892
4261,Leonard,656
4262,Johnson,505
4263,Vasquez,068
4264,Green,582
4265,Tran,466
4266,Herrera,288
4267,Franco,Uni
4268,Burke,413
4269,Fleming,929
4270,Fernandez,USC
4271,Walsh,723
4272,Salazar,779
4273,Hobbs,Uni
4274,Hensley,211
4275,Hamilton,569
4276,Stephens,251
4277,Young,166
4278,Kennedy,PSC
4279,Mendoza,392
4280,Fuentes,776
4281,Brown,442
4282,Tran,902
4283,Parker,155
4284,Valentine,291
4285,Hansen,917
4286,Green,669
4287,Morris,182
4288,Tucker,594
4289,Gutierrez,639
4290,Bautista,763
4291,Fleming,PSC
4292,Love,054
4293,Everett,761
4294,Sanders,474
4295,Hall,USS
4296,Cunningham,892
4297,Quinn,416
4298,Thomas,515
4299,Anderson,266
4300,Carter,627
4301,Butler,255
4302,Wright,811
4303,Fleming,736
4304,Brooks,499
4305,Cruz,319
4306,Martin,961
4307,Leon,925
4308,Harris,799
4309,Ward,564
4310,Miller,704
4311,Alexander,068
4312,Davis,639
4313,Cobb,352
4314,Potts,817
4315,Smith,402
4316,Brown,417
4317,Williams,067
4318,Mercado,PSC
4319,Young,418
4320,Robinson,742
4321,Solomon,143
4322,Black,596
4323,Rodriguez,670
4324,Johnson,642
4325,Foster,636
4326,Diaz,614
4327,Braun,484
4328,Long,Uni
4329,Mccarthy,460
4330,Barber,925
4331,Blackburn,754
4332,Harrington,Uni
4333,Gross,493
4334,Williams,639
4335,Sanchez,230
4336,Mitchell,268
4337,Erickson,166
4338,Nelson,365
4339,Baker,139
4340,Ballard,567
4341,Norman,140
4342,Taylor,847
4343,Shelton,Uni
4344,Lewis,435
4345,Roberts,PSC
4346,Kelly,450
4347,Clark,Uni
4348,Johnson,599
4349,Barron,045
4350,Monroe,238
4351,Turner,989
4352,Smith,169
4353,Perez,PSC
4354,Thomas,999
4355,Kelly,661
4356,Yang,733
4357,Contreras,454
4358,Proctor,822
4359,Nichols,279
4360,Fisher,323
4361,Rodgers,556
4362,Randolph,670
4363,Christensen,PSC
4364,Allen,691
4365,Johns,360
4366,Gonzales,696
4367,Moore,185
4368,Eaton,085
4369,Perez,907
4370,Ballard,692
4371,Johnson,453
4372,Smith,954
4373,Hoover,587
4374,Watts,910
4375,Levy,984
4376,Bright,235
4377,Hernandez,105
4378,Sanders,448
4379,Serrano,845
4380,Meyers,231
4381,Anderson,232
4382,Hart,USS
4383,Adams,718
4384,Burns,820
4385,Taylor,472
4386,Ward,761
4387,Thomas,PSC
4388,Brown,289
4389,Fuentes,995
4390,Miller,USN
4391,Donaldson,490
4392,Wilson,681
4393,Branch,USN
4394,Wilson,915
4395,Sanders,759
4396,Durham,317
4397,Mcdonald,432
4398,Jennings,881
4399,Lee,435
4400,Davis,255
4401,Sanders,913
4402,Kelly,440
4403,Forbes,419
4404,Yu,684
4405,Vincent,438
4406,Russo,927
4407,Dillon,277
4408,Walter,201
4409,Harris,017
4410,Wood,Uni
4411,Bryant,379
4412,Decker,555
4413,Robinson,835
4414,Mclaughlin,456
4415,Shelton,419
4416,Hicks,668
4417,Rowe,482
4418,Good,377
4419,King,798
4420,Turner,611
4421,Doyle,PSC
4422,Elliott,648
4423,Moore,308
4424,Bradley,650
4425,Ashley,USN
4426,Zamora,USN
4427,Gross,996
4428,Perry,458
4429,Gonzalez,498
4430,Smith,146
4431,Wood,081
4432,Smith,432
4433,Mitchell,867
4434,Carr,247
4435,Baker,061
4436,White,520
4437,Thomas,001
4438,Kim,801
4439,Merritt,500
4440,Powell,030
4441,Flores,336
4442,Norris,582
4443,Smith,936
4444,George,490
4445,Tucker,966
4446,Williams,PSC
4447,Kerr,883
4448,Allen,767
4449,Shaw,030
4450,Lewis,205
4451,Moran,426
4452,Rangel,529
4453,Harrison,646
4454,Pennington,988
4455,Kelly,672
4456,Mahoney,USC
4457,Dominguez,490
4458,Joseph,764
4459,Williams,461
4460,Navarro,804
4461,Sandoval,252
4462,Fleming,627
4463,Stanton,721
4464,Watson,305
4465,Morgan,260
4466,Nguyen,Uni
4467,Scott,365
4468,White,046
4469,Jones,USN
4470,Mccann,941
4471,Brown,515
4472,Howard,425
4473,Murray,USS
4474,Gardner,006
4475,Patterson,425
4476,Johns,360
4477,Adams,060
4478,Miller,748
4479,Yang,680
4480,Douglas,133
4481,Ortiz,304
4482,Johnson,157
4483,Gordon,989
4484,Herrera,894
4485,Huber,433
4486,Sanders,304
4487,Garcia,269
4488,Perkins,USS
4489,Ferguson,182
4490,Stewart,146
4491,Mcintosh,532
4492,Mathews,194
4493,Medina,266
4494,Lee,659
4495,Brown,769
4496,Chavez,895
4497,Gray,456
4498,Gonzalez,PSC
4499,Hoover,Uni
4500,Ballard,133
4501,Fritz,503
4502,Mcgrath,585
4503,Ford,554
4504,Bell,011
4505,Bowen,504
4506,Hernandez,736
4507,Carrillo,195
4508,Martin,549
4509,Vaughan,833
4510,Russell,664
4511,Ramirez,225
4512,Avery,USN
4513,Day,796
4514,Miller,499
4515,Parker,483
4516,Holland,726
4517,Jacobs,648
4518,Murphy,859
4519,Anderson,908
4520,Harris,714
4521,Olson,682
4522,Watson,Uni
4523,Ochoa,668
4524,Thomas,975
4525,Ruiz,469
4526,Wilcox,USN
4527,Simmons,PSC
4528,Buchanan,995
4529,Kent,PSC
4530,Solis,070
4531,Shepherd,214
4532,Chavez,652
4533,Wallace,322
4534,Sims,281
4535,Lara,002
4536,Hughes,Uni
4537,Murphy,895
4538,Ramsey,790
4539,Baker,741
4540,Williams,288
4541,Hayes,186
4542,Christensen,204
4543,Harris,909
4544,Mccullough,802
4545,Brown,478
4546,Gay,916
4547,Parker,925
4548,Richardson,226
4549,Reyes,354
4550,Holland,PSC
4551,Bentley,949
4552,Pacheco,023
4553,Jones,230
4554,Mata,157
4555,King,971
4556,Wilkins,036
4557,Stewart,829
4558,Mclaughlin,792
4559,Moore,614
4560,Robinson,851
4561,West,087
4562,Harris,307
4563,Fisher,261
4564,Morris,328
4565,Clark,209
4566,Mitchell,Uni
4567,Guzman,759
4568,King,330
4569,Cochran,933
4570,Fowler,522
4571,Chavez,471
4572,Lewis,202
4573,Palmer,752
4574,Johnston,014
4575,Conner,154
4576,Berry,Uni
4577,Hanson,176
4578,Nelson,PSC
4579,Robinson,PSC
4580,Ryan,408
4581,Ferguson,849
4582,Rogers,796
4583,Barrett,530
4584,Ellis,938
4585,Garcia,748
4586,Warner,907
4587,Weber,423
4588,Stewart,073
4589,King,PSC
4590,Gross,286
4591,Reynolds,129
4592,Cook,490
4593,Nixon,983
4594,Shields,352
4595,Hampton,USN
4596,Hess,080
4597,Williams,667
4598,Cardenas,999
4599,Rowland,930
4600,Young,333
4601,Rose,USS
4602,Nelson,106
4603,Williams,326
4604,House,234
4605,Morales,USS
4606,Bradley,492
4607,Tran,224
4608,Scott,703
4609,Hernandez,336
4610,Flores,534
4611,Lambert,728
4612,Walker,616
4613,Tucker,215
4614,Benson,777
4615,Robinson,Uni
4616,Garcia,144
4617,White,063
4618,Perez,003
4619,Williams,306
4620,Murphy,871
4621,Hicks,022
4622,Hodges,683
4623,Jackson,600
4624,Li,154
4625,Wolf,584
4626,Santos,465
4627,Smith,702
4628,Watson,353
4629,Molina,501
4630,Mcdonald,774
4631,Smith,978
4632,Floyd,440
4633,Myers,099
4634,Smith,670
4635,Evans,755
4636,Brown,Uni
4637,Barnett,288
4638,Ramirez,595
4639,Golden,865
4640,Ramirez,962
4641,Rodriguez,652
4642,Graham,484
4643,Harris,634
4644,Cherry,614
4645,Lopez,722
4646,Williams,240
4647,Orr,934
4648,Goodman,875
4649,Donovan,709
4650,Ray,267
4651,Mitchell,602
4652,Rodriguez,256
4653,Novak,716
4654,Morton,534
4655,Mason,581
4656,Flowers,012
4657,Reed,943
4658,Nunez,397
4659,Mcgee,002
4660,Kelly,129
4661,Robertson,783
4662,Bean,415
4663,Owens,555
4664,Suarez,467
4665,Vasquez,089
4666,Leach,555
4667,Ruiz,Uni
4668,Curry,120
4669,Beck,885
4670,Davis,198
4671,Jacobs,742
4672,Dickerson,811
4673,Davis,827
4674,Foster,158
4675,Robles,109
4676,Wilson,318
4677,Harrison,805
4678,Mitchell,662
4679,Barajas,Uni
4680,Wright,740
4681,Johnson,083
4682,Hall,962
4683,Wilson,707
4684,Baker,428
4685,Lamb,USN
4686,Fowler,281
4687,Wade,PSC
4688,Nunez,685
4689,Young,538
4690,Sims,132
4691,Ramirez,265
4692,Jimenez,114
4693,Rhodes,Uni
4694,Moss,188
4695,Chavez,USN
4696,Thomas,272
4697,Oconnor,604
4698,Moore,452
4699,Cox,535
4700,Martinez,496
4701,Mcdaniel,992
4702,Beltran,719
4703,Ramirez,255
4704,Campbell,751
4705,White,614
4706,Cobb,448
4707,Beltran,USS
4708,Cameron,224
4709,Delgado,820
4710,Townsend,606
4711,Daniel,884
4712,Bryant,905
4713,Turner,303
4714,Bailey,141
4715,Ramirez,163
4716,Walton,152
4717,Jimenez,991
4718,Armstrong,346
4719,Simon,890
4720,James,486
4721,Thompson,209
4722,Werner,USC
4723,Powell,763
4724,Hernandez,140
4725,Butler,922
4726,Oneill,130
4727,Ryan,978
4728,Ray,329
4729,Fletcher,190
4730,Walsh,341
4731,Kelly,Uni
4732,Garcia,943
4733,Glover,488
4734,King,050
4735,Newton,552
4736,Hamilton,526
4737,Gonzalez,796
4738,Lewis,515
4739,Benson,484
4740,Smith,388
4741,James,028
4742,Peterson,584
4743,Sanders,545
4744,Lynn,155
4745,Gibson,345
4746,Gomez,184
4747,Moran,286
4748,Diaz,730
4749,Welch,367
4750,Freeman,513
4751,Buchanan,078
4752,Reynolds,310
4753,Brown,842
4754,Callahan,538
4755,Ellison,804
4756,Carter,656
4757,Hawkins,071
4758,Rivera,994
4759,Frazier,230
4760,Allen,900
4761,Williams,795
4762,Huynh,491
4763,Jones,896
4764,Matthews,809
4765,Simpson,717
4766,Freeman,664
4767,Reed,506
4768,Wise,USN
4769,Coleman,064
4770,Flynn,337
4771,Williams,057
4772,Hodges,417
4773,Joseph,524
4774,Martinez,753
4775,Smith,638
4776,Hudson,210
4777,Palmer,318
4778,Hartman,294
4779,Bell,775
4780,Jackson,742
4781,Webb,201
4782,Henderson,724
4783,Jackson,884
4784,Buckley,495
4785,Garza,995
4786,Munoz,056
4787,Sullivan,826
4788,Green,293
4789,Roberts,PSC
4790,Reyes,521
4791,Farmer,008
4792,Torres,PSC
4793,Allen,548
4794,Crawford,596
4795,Martinez,801
4796,Pineda,PSC
4797,Marshall,747
4798,Carter,572
4799,Beasley,433
4800,Richardson,203
4801,White,164
4802,Jacobs,231
4803,Wright,957
4804,Hansen,Uni
4805,Zimmerman,913
4806,Reynolds,194
4807,Cohen,USN
4808,Villarreal,915
4809,Hammond,095
4810,Graham,820
4811,James,419
4812,Fox,082
4813,Rogers,756
4814,Rivera,531
4815,Cook,223
4816,Sandoval,748
4817,Garcia,059
4818,Mills,526
4819,Jordan,Uni
4820,Hernandez,337
4821,Williams,648
4822,Higgins,534
4823,Martinez,047
4824,Williams,243
4825,Leonard,997
4826,Wells,268
4827,Evans,667
4828,Carr,210
4829,Gould,356
4830,Hudson,579
4831,Santos,497
4832,Mathis,311
4833,Figueroa,517
4834,Evans,451
4835,Lopez,384
4836,Barton,760
4837,Lowe,040
4838,White,541
4839,Austin,065
4840,Patterson,656
4841,Day,711
4842,Thomas,160
4843,Oconnell,731
4844,Garcia,660
4845,Reyes,752
4846,Garcia,660
4847,Owens,587
4848,Love,075
4849,Mccall,066
4850,Owens,471
4851,Henderson,590
4852,Floyd,410
4853,Brown,035
4854,Garcia,694
4855,Escobar,901
4856,Marks,093
4857,Carter,801
4858,Wells,541
4859,Howard,156
4860,Odonnell,726
4861,Ward,986
4862,Manning,569
4863,Smith,Uni
4864,Watson,USN
4865,Hill,595
4866,Gallagher,628
4867,Romero,186
4868,Johnson,916
4869,Morton,317
4870,Contreras,000
4871,Nelson,993
4872,Zimmerman,371
4873,Patrick,269
4874,Brooks,418
4875,Mccullough,107
4876,Lozano,686
4877,Massey,366
4878,Owen,261
4879,Mccann,439
4880,Burke,420
4881,Nielsen,589
4882,Johnson,277
4883,Stark,278
4884,Mays,PSC
4885,Ortiz,863
4886,Vargas,967
4887,Allen,025
4888,Singh,650
4889,Spencer,089
4890,Blankenship,499
4891,Flores,770
4892,Kennedy,547
4893,Gonzalez,423
4894,Armstrong,615
4895,Hall,316
4896,Green,797
4897,Bauer,258
4898,Elliott,057
4899,Bowman,827
4900,Ball,PSC
4901,Andrade,USN
4902,West,PSC
4903,Dunn,439
4904,Rios,165
4905,Gilbert,266
4906,Walker,088
4907,Arnold,489
4908,Hale,430
4909,Shannon,778
4910,Martinez,500
4911,Reynolds,618
4912,Bautista,404
4913,Lane,596
4914,Randolph,170
4915,Barnes,660
4916,Anderson,546
4917,Reed,841
4918,Reilly,144
4919,Smith,Uni
4920,Hobbs,642
4921,Coleman,975
4922,Murphy,285
4923,Neal,691
4924,Vega,USN
4925,Alexander,076
4926,Martin,993
4927,Burns,830
4928,Morales,520
4929,Williamson,725
4930,Bender,320
4931,Lee,406
4932,Garcia,108
4933,Griffith,014
4934,Krause,563
4935,Galvan,692
4936,Ramos,719
4937,Cooper,091
4938,Hampton,352
4939,Jacobson,552
4940,Morse,132
4941,Lester,175
4942,Wilkerson,323
4943,Garner,531
4944,Davis,718
4945,Ortega,141
4946,Jones,874
4947,Conner,579
4948,Mcfarland,395
4949,Cortez,518
4950,Morgan,USN
4951,Mejia,730
4952,Douglas,348
4953,Norris,542
4954,Santos,575
4955,Summers,Uni
4956,Wang,270
4957,Miller,024
4958,Clayton,138
4959,Meyer,769
4960,Byrd,683
4961,Wolf,040
4962,Shannon,397
4963,Miller,706
4964,Howard,PSC
4965,Johnson,547
4966,Hess,777
4967,Bell,123
4968,Barton,820
4969,Bailey,427
4970,White,344
4971,Smith,USS
4972,Nelson,281
4973,Kirk,694
4974,Tucker,044
4975,Nelson,374
4976,Marshall,039
4977,Krueger,344
4978,Soto,889
4979,Rojas,875
4980,Juarez,091
4981,Thornton,629
4982,Barrett,325
4983,Stanton,016
4984,George,060
4985,Garcia,715
4986,Johnson,767
4987,Frey,987
4988,Garcia,PSC
4989,Young,019
4990,Miller,448
4991,Williams,556
4992,Pena,991
4993,Evans,PSC
4994,Chavez,914
4995,Carrillo,473
4996,Hall,302
4997,Watkins,605
4998,Hall,386
4999,Hernandez,384
5000,Jennings,444
